id,kind,query,split,image_group,visible,gt,a_box,b_box,a_iou,b_iou,a_parse,b_parse,visual_reason,visual_note,image_available
city_000012_022_00000090_001,harmed,The dark object in the bushes on the right,other_365,../visible/000012_022_00000090.png | ../infrared/000012_022_00000090.png | ../depth/000012_022_00000090.png,../visible/000012_022_00000090.png,"[0.61875, 0.597222, 0.670834, 0.66574]","[0.634, 0.606, 0.669, 0.666]","[0.644, 0.609, 0.668, 0.659]",0.5844108000667653,0.33625770004633626,True,True,same_object_bad_box,RGB中三框聚在右侧灌木同一暗目标；B框比GT小且右移，目标细节暗，按框位置仅能判断边界偏差。,True
city_000012_022_00000090_002,harmed,The small object in the bushes on the left,other_365,../visible/000012_022_00000090.png | ../infrared/000012_022_00000090.png | ../depth/000012_022_00000090.png,../visible/000012_022_00000090.png,"[0.474479, 0.626852, 0.504167, 0.663888]","[0.472, 0.629, 0.5, 0.669]","[0.017, 0.57, 0.062, 0.63]",0.6698851953384986,0.0,True,True,wrong_object,GT/A框在画面中部灌木的小物体，B框跳到画面最左侧的另一丛灌木；相对GT明显换目标。,True
city_000081_006,harmed,The small boat in the distance near the shore,other_365,../visible/000081.png | ../infrared/000081.png | ../depth/000081.png,../visible/000081.png,"[0.514583, 0.347223, 0.548959, 0.363889]","[0.514, 0.341, 0.546, 0.362]","[0.513, 0.34, 0.546, 0.36]",0.5946867679600821,0.4827627496443887,True,True,same_object_bad_box,三框都围住远岸同一艘小船，B框的边缘位置略偏，IoU从0.594687降至0.482763。,True
city_000190_005,harmed,The small rectangular sign mounted on the pole to the right,other_365,../visible/000190.png | ../infrared/000190.png | ../depth/000190.png,../visible/000190.png,"[0.63698, 0.539815, 0.65, 0.566667]","[0.637, 0.531, 0.651, 0.579]","[0.637, 0.531, 0.651, 0.581]",0.5190435310447735,0.49829770599995693,True,True,unknown,本地未找到原RGB，B的0.498298只是阈值边缘；无图不能判定是否换对象。,False
city_001229_004,harmed,The ceiling light on the right side,other_365,../visible/001229.png | ../infrared/001229.png | ../depth/001229.png,../visible/001229.png,"[0.547917, 0.125926, 0.635417, 0.171296]","[0.549, 0.124, 0.631, 0.17]","[0.599, 0.026, 0.706, 0.083]",0.8755419039698314,0.0,True,True,wrong_object,A与GT围住较下方的右侧顶灯，B围住其上方另一盏顶灯；Query只说right side，两灯均位于右侧，存在指代歧义。,True
city_001897_008,harmed,The small object on the far left floor,other_365,../visible/001897.png | ../infrared/001897.png | ../depth/001897.png,../visible/001897.png,"[0.0, 0.672222, 0.028646, 0.719444]","[0.0, 0.676, 0.031, 0.712]","[0.001, 0.679, 0.06, 0.711]",0.7174127400847665,0.37548957822960927,True,True,same_object_bad_box,GT/A指向最左侧地面黄色小物体；B仍覆盖该物体，但框向右扩张并包含旁边地面。,True
city_001897_013,harmed,The leftmost toy car in the background row,other_365,../visible/001897.png | ../infrared/001897.png | ../depth/001897.png,../visible/001897.png,"[0.246354, 0.653704, 0.297916, 0.70463]","[0.248, 0.656, 0.279, 0.704]","[0.248, 0.658, 0.274, 0.703]",0.566674422845108,0.4455706147370808,True,True,same_object_bad_box,三框仍在背景排最左侧玩具车，B框收窄偏左，未见换到另一辆车。,True
city_001927_011,harmed,The fourth robot chassis in the cluster behind the person,other_365,../visible/001927.png | ../infrared/001927.png | ../depth/001927.png,../visible/001927.png,"[0.460938, 0.652778, 0.502604, 0.69074]","[0.471, 0.649, 0.5, 0.694]","[0.321, 0.654, 0.374, 0.704]",0.6164640751153038,0.0,True,True,wrong_object,GT/A位于人右侧背景排的一台底盘，B跳到人左侧另一台底盘；相对GT明显换对象。,True
city_002022_004,rescued,The ceiling light below the center top one,other_365,../visible/002022.png | ../infrared/002022.png | ../depth/002022.png,../visible/002022.png,"[0.315625, 0.186111, 0.396875, 0.231481]","[0.274, 0.071, 0.381, 0.144]","[0.317, 0.184, 0.396, 0.231]",0.0,0.9203623126061574,True,True,wrong_object,A框住上方顶灯，B改为下方对应GT的顶灯；B救回的是目标选择。,True
city_002509_001,harmed,The red garbage can on the far left,other_365,../visible/002509.png | ../infrared/002509.png | ../depth/002509.png,../visible/002509.png,"[0.061979, 0.018519, 0.105729, 0.087963]","[0.071, 0.041, 0.106, 0.091]","[0.071, 0.041, 0.104, 0.091]",0.516590520308978,0.4938124443186901,True,True,same_object_bad_box,A/B仍框在左远处同一组红色垃圾桶位置，框范围小幅变化导致0.516591→0.493812；原图中相邻红桶增加指代歧义。,True
city_hehe_224_000002_041_00000197_005,rescued,The gray garbage can on the left,known_reuse_47,../visible/hehe_224_000002_041_00000197.png | ../infrared/hehe_224_000002_041_00000197.png | ../depth/hehe_224_000002_041_00000197.png,../visible/hehe_224_000002_041_00000197.png,"[0.041667, 0.925, 0.134375, 1.0]","[0.194, 0.912, 0.217, 0.999]","[0.044, 0.926, 0.124, 1.0]",0.0,0.8514187916181273,True,True,wrong_object,A框在骑车人处，B框在左下角GT灰色垃圾桶，B救回目标对象。,True
city_hehe_230_000002_043_00000061_013,rescued,The person standing next to the bicycle,known_reuse_47,../visible/hehe_230_000002_043_00000061.png | ../infrared/hehe_230_000002_043_00000061.png | ../depth/hehe_230_000002_043_00000061.png,../visible/hehe_230_000002_043_00000061.png,"[0.284896, 0.579629, 0.297916, 0.613889]","[0.313, 0.562, 0.321, 0.612]","[0.286, 0.573, 0.296, 0.619]",0.0,0.6080233526400565,True,True,wrong_object,A框在候车牌附近，B框在GT所标的自行车旁人物；B救回目标对象。,True
city_shuming_215_00000189_004,harmed,The blue plastic seat back visible above the chair stack,other_365,../visible/shuming_215_00000189.png | ../infrared/shuming_215_00000189.png | ../depth/shuming_215_00000189.png,../visible/shuming_215_00000189.png,"[0.505729, 0.459259, 0.669271, 0.599074]","[0.512, 0.456, 0.669, 0.609]","[0.513, 0.458, 0.669, 0.481]",0.880303406232194,0.1470640783474561,True,True,same_object_bad_box,1000像素RGB预览显示GT/A围住椅子堆上方蓝色椅背，B只框其顶部窄条；同物但框高度过小。,False
