id,class,scene,query,A_normal_iou,A_normal_hit,B_normal_iou,B_normal_hit,A_to_B_flip,ir_missing_applied,ir_missing_actual_missing,A_ir_missing_iou,A_ir_missing_hit,A_ir_missing_normal_minus_missing_hit,B_ir_missing_iou,B_ir_missing_hit,B_ir_missing_normal_minus_missing_hit,ir_missing_B_minus_A_utility,depth_missing_applied,depth_missing_actual_missing,A_depth_missing_iou,A_depth_missing_hit,A_depth_missing_normal_minus_missing_hit,B_depth_missing_iou,B_depth_missing_hit,B_depth_missing_normal_minus_missing_hit,depth_missing_B_minus_A_utility,both_missing_applied,both_missing_actual_missing,A_both_missing_iou,A_both_missing_hit,A_both_missing_normal_minus_missing_hit,B_both_missing_iou,B_both_missing_hit,B_both_missing_normal_minus_missing_hit,both_missing_B_minus_A_utility
abv:diag:city:000013_004_00000238:depthv2:c_elephant_person_pair:elephant_farther,depth,000013,"Of the person with a camouflage backpack on the left and the elephant, which is farther from the camera?",0.9748756431345269,1,0.9721532479828825,1,same,1,infrared,0.9721532479828825,1,0,0.9743868826745633,1,0,0,1,depth,0.9721532479828825,1,0,0.9721532479828825,1,0,0,1,infrared+depth,0.9748756431345269,1,0,0.9743868826745633,1,0,0
abv:diag:city:000013_004_00000238:depthv2:c_elephant_person_pair:person_nearer,depth,000013,"Of the person with a camouflage backpack on the left and the elephant, which is closer to the camera?",0.7313156284395667,1,0.7313156284395667,1,same,1,infrared,0.7313156284395667,1,0,0.7313156284395667,1,0,0,1,depth,0.7313156284395667,1,0,0.7313156284395667,1,0,0,1,infrared+depth,0.7322954604897688,1,0,0.7322954604897688,1,0,0
abv:diag:city:000610:depthv2:camel_two_layers_000610:far,depth,000610,"Of the two camels behind the railing, locate the one farther from the camera.",0.9698988470984898,1,0.9698988470984898,1,same,1,infrared,0.9698988470984898,1,0,0.9698988470984898,1,0,0,1,depth,0.9698988470984898,1,0,0.9698988470984898,1,0,0,1,infrared+depth,0.9698988470984898,1,0,0.9698988470984898,1,0,0
abv:diag:city:000610:depthv2:camel_two_layers_000610:near,depth,000610,"Of the two camels behind the railing, locate the one closer to the camera.",0.9668904107621837,1,0.970452740921994,1,same,1,infrared,0.9656273159970351,1,0,0.970452740921994,1,0,0,1,depth,0.9656273159970351,1,0,0.9668904107621837,1,0,0,1,infrared+depth,0.9656273159970351,1,0,0.970452740921994,1,0,0
abv:diag:city:001179:depthv2:brick_dirt_deer_pair:brick_near,depth,001179,"Of the spotted deer on the brick pavement and the spotted deer on the dirt at left, locate the one closer to the camera.",0.7960676815321298,1,0.7960676815321298,1,same,1,infrared,0.7960676815321298,1,0,0.8041908211396004,1,0,0,1,depth,0.7960676815321298,1,0,0.7960676815321298,1,0,0,1,infrared+depth,0.7960676815321298,1,0,0.8041908211396004,1,0,0
abv:diag:city:001179:depthv2:brick_dirt_deer_pair:dirt_far,depth,001179,"Of the spotted deer on the brick pavement and the spotted deer on the dirt at left, locate the one farther from the camera.",0.8753410320310019,1,0.8556028396731145,1,same,1,infrared,0.8753410320310019,1,0,0.8651626479376182,1,0,0,1,depth,0.8753410320310019,1,0,0.8651626479376182,1,0,0,1,infrared+depth,0.8753410320310019,1,0,0.8651626479376182,1,0,0
abv:diag:rgbt_flir_train_000651:diag_ir,ir,flir:070,"A white SUV travels along a festive, illuminated street at night.",0.8357916230432548,1,0.8548818682848813,1,same,1,infrared,0.8321971731431571,1,0,0.8349804247125975,1,0,0,0,,0.8357916230432548,1,,0.8548818682848813,1,,,1,infrared,0.8321971731431571,1,0,0.8349804247125975,1,0,0
abv:diag:rgbt_flir_train_002528:diag_ir,ir,flir:056,"A distant, illuminated van approaches on a nighttime street.",0.7284009144086168,1,0.7629394531249993,1,same,1,infrared,0.6462333022880463,1,0,0.6879162702188392,1,0,0,0,,0.7284009144086168,1,,0.7629394531249993,1,,,1,infrared,0.6462333022880463,1,0,0.6879162702188392,1,0,0
abv:diag:rgbt_flir_train_002901:diag_ir,ir,flir:070,A white sedan is parked on the left side of a festive street at night.,0.6095383625579169,1,0.6099106987826016,1,same,1,infrared,0.6021181748147596,1,0,0.6120349910899828,1,0,0,0,,0.6095383625579169,1,,0.6099106987826016,1,,,1,infrared,0.6021181748147596,1,0,0.6120349910899828,1,0,0
abv:diag:rgbt_flir_train_003212:diag_ir,ir,flir:081,A person in dark clothing walks along the sidewalk at night.,0.6967587783087484,1,0.6655493872420669,1,same,1,infrared,0.6843366964062382,1,0,0.7079384027694892,1,0,0,0,,0.6967587783087484,1,,0.6655493872420669,1,,,1,infrared,0.6843366964062382,1,0,0.7079384027694892,1,0,0
abv:diag:rgbt_flir_train_003265:diag_ir,ir,flir:039,A person in dark clothing walks along a sidewalk near a street at night.,0.8847360503316499,1,0.8406590386904431,1,same,1,infrared,0.9145667338389459,1,0,0.8141440721791166,1,0,0,0,,0.8847360503316499,1,,0.8406590386904431,1,,,1,infrared,0.9145667338389459,1,0,0.8141440721791166,1,0,0
abv:diag:rgbt_flir_train_003302:diag_ir,ir,flir:001,A silver SUV is parked on the right side of a dimly lit street at night.,0.8806896450424017,1,0.8660605490041011,1,same,1,infrared,0.8755135912347097,1,0,0.8596876601922407,1,0,0,0,,0.8806896450424017,1,,0.8660605490041011,1,,,1,infrared,0.8755135912347097,1,0,0.8596876601922407,1,0,0
abv:diag:rgbt_flir_train_003652:diag_ir,ir,flir:001,A partially visible silver car is parked on the right side of the street at night.,0.7527110280866053,1,0.7397724684765826,1,same,1,infrared,0.717874447348494,1,0,0.7220761765404429,1,0,0,0,,0.7527110280866053,1,,0.7397724684765826,1,,,1,infrared,0.717874447348494,1,0,0.7220761765404429,1,0,0
abv:diag:rgbt_flir_train_003925:diag_ir,ir,flir:039,"A person stands near the building entrance, partially obscured by shadows and streetlights.",0.5086783474748968,1,0.5682092762903064,1,same,1,infrared,0.5695909054302458,1,0,0.5544426196417845,1,0,0,0,,0.5086783474748968,1,,0.5682092762903064,1,,,1,infrared,0.5695909054302458,1,0,0.5544426196417845,1,0,0
abv:diag:rgbt_flir_train_005011:diag_ir,ir,flir:070,"A car with bright headlights approaches on a festive, illuminated street at night.",0.5685270718502637,1,0.5737137304096243,1,same,1,infrared,0.5451375891558933,1,0,0.5899642267516036,1,0,0,0,,0.5685270718502637,1,,0.5737137304096243,1,,,1,infrared,0.5451375891558933,1,0,0.5899642267516036,1,0,0
abv:diag:rgbt_flir_train_005105:diag_ir,ir,flir:056,A white Volkswagen Beetle with illuminated taillights drives along a tree-lined street at night.,0.9125373449189985,1,0.9042782835030454,1,same,1,infrared,0.890387633304832,1,0,0.902081321175575,1,0,0,0,,0.9125373449189985,1,,0.9042782835030454,1,,,1,infrared,0.890387633304832,1,0,0.902081321175575,1,0,0
abv:diag:rgbt_flir_train_005199:diag_ir,ir,flir:081,A dark-colored sedan parked on the right side of a dimly lit street at night.,0.7178432142838936,1,0.7132862995497019,1,same,1,infrared,0.7178432142838936,1,0,0.7132862995497019,1,0,0,0,,0.7178432142838936,1,,0.7132862995497019,1,,,1,infrared,0.7178432142838936,1,0,0.7132862995497019,1,0,0
abv:diag:rgbt_flir_train_005348:diag_ir,ir,flir:039,White van parked near the intersection at night.,0.7918017176090377,1,0.8433364233127645,1,same,1,infrared,0.7918017176090377,1,0,0.8433364233127645,1,0,0,0,,0.7918017176090377,1,,0.8433364233127645,1,,,1,infrared,0.7918017176090377,1,0,0.8433364233127645,1,0,0
abv:diag:rgbt_flir_train_005738:diag_ir,ir,flir:039,A person in dark clothing walks away on the sidewalk at night.,0.6758789686767528,1,0.6698388989651125,1,same,1,infrared,0.6698388989651125,1,0,0.6590389016018308,1,0,0,0,,0.6758789686767528,1,,0.6698388989651125,1,,,1,infrared,0.6698388989651125,1,0,0.6590389016018308,1,0,0
abv:diag:rgbt_flir_train_006096:diag_ir:repair1,ir,flir:081,"The cyclist on the left of the two riders, beside the pickup truck.",0.5654855672161698,1,0.6002751214750062,1,same,1,infrared,0.6524978238978685,1,0,0.5869280134536377,1,0,0,0,,0.5654855672161698,1,,0.6002751214750062,1,,,1,infrared,0.6524978238978685,1,0,0.5869280134536377,1,0,0
abv:diag:rgbt_flir_train_006591:diag_ir,ir,flir:070,Dimly lit car approaching the intersection at night.,0.0,0,0.0,0,same,1,infrared,0.0,0,0,0.0,0,0,0,0,,0.0,0,,0.0,0,,,1,infrared,0.0,0,0,0.0,0,0,0
abv:diag:rgbt_flir_train_006760:diag_ir,ir,flir:056,A person rides a bicycle on the left side of the road at night.,0.60973802989958,1,0.5709823017049753,1,same,1,infrared,0.6083078538392866,1,0,0.5663445217785528,1,0,0,0,,0.60973802989958,1,,0.5709823017049753,1,,,1,infrared,0.6083078538392866,1,0,0.5663445217785528,1,0,0
abv:diag:rgbt_flir_train_006899:diag_ir,ir,flir:039,A person in white attire walks away near a crosswalk at night.,0.8790548464501509,1,0.9121470457264566,1,same,1,infrared,0.8790548464501509,1,0,0.9121470457264566,1,0,0,0,,0.8790548464501509,1,,0.9121470457264566,1,,,1,infrared,0.8790548464501509,1,0,0.9121470457264566,1,0,0
abv:diag:rgbt_m3fd_train_000401:diag_ir:repair1,ir,m3fd:014,"The small motorcycle at the far left roadside, in front of the row of cars.",0.43337336183705727,0,0.42723012319746795,0,same,1,infrared,0.42169824962089336,0,0,0.381655685858672,0,0,0,0,,0.43337336183705727,0,,0.42723012319746795,0,,,1,infrared,0.42169824962089336,0,0,0.381655685858672,0,0,0
abv:diag:rgbt_m3fd_train_000532:diag_ir,ir,m3fd:027,"A partially visible car is parked in the background, obscured by columns and dim lighting.",0.5942352601198433,1,0.6065926959294652,1,same,1,infrared,0.6158658418532043,1,0,0.6065926959294652,1,0,0,0,,0.5942352601198433,1,,0.6065926959294652,1,,,1,infrared,0.6158658418532043,1,0,0.6065926959294652,1,0,0
abv:diag:rgbt_m3fd_train_000698:diag_ir,ir,m3fd:038,"A dark-colored car is partially visible with its rear end facing the camera, situated near a building at night.",0.14509120184013813,0,0.1345391144335826,0,same,1,infrared,0.1582813110983325,0,0,0.1582813110983325,0,0,0,0,,0.14509120184013813,0,,0.1345391144335826,0,,,1,infrared,0.1582813110983325,0,0,0.1582813110983325,0,0,0
abv:diag:rgbt_m3fd_train_000762:diag_ir,ir,m3fd:038,A white long-distance bus with illuminated headlights is parked near a building at night.,0.9657361863060013,1,0.9657020702795474,1,same,1,infrared,0.9618458470897867,1,0,0.964211481570387,1,0,0,0,,0.9657361863060013,1,,0.9657020702795474,1,,,1,infrared,0.9618458470897867,1,0,0.964211481570387,1,0,0
abv:diag:rgbt_m3fd_train_000856:diag_ir,ir,m3fd:014,Person riding a bicycle near parked cars at night.,0.3744225887926746,0,0.40213606197971014,0,same,1,infrared,0.3789887179242927,0,0,0.4119442586133616,0,0,0,0,,0.3744225887926746,0,,0.40213606197971014,0,,,1,infrared,0.3789887179242927,0,0,0.4119442586133616,0,0,0
abv:diag:rgbt_m3fd_train_001076:diag_ir,ir,m3fd:038,"A person in dark clothing stands near the bus, partially obscured by shadows.",0.0,0,0.0,0,same,1,infrared,0.0,0,0,0.0,0,0,0,0,,0.0,0,,0.0,0,,,1,infrared,0.0,0,0,0.0,0,0,0
abv:diag:rgbt_m3fd_train_001215:diag_ir,ir,m3fd:027,"A silver car is partially visible, parked behind a column in the dimly lit underground parking area.",0.8910965701663488,1,0.9077119717324479,1,same,1,infrared,0.8905311584581415,1,0,0.9039153796292253,1,0,0,0,,0.8910965701663488,1,,0.9077119717324479,1,,,1,infrared,0.8905311584581415,1,0,0.9039153796292253,1,0,0
abv:diag:rgbt_m3fd_train_001301:diag_ir,ir,m3fd:038,A white coach bus with illuminated headlights is parked on a street at night near a building.,0.9594691880692715,1,0.9534234427327299,1,same,1,infrared,0.9675301556256148,1,0,0.9579620618172277,1,0,0,0,,0.9594691880692715,1,,0.9534234427327299,1,,,1,infrared,0.9675301556256148,1,0,0.9579620618172277,1,0,0
abv:diag:rgbt_m3fd_train_001576:diag_ir,ir,m3fd:039,A white coach bus with illuminated headlights is parked on a street at night near a building.,0.9607688897894737,1,0.9589597094308994,1,same,1,infrared,0.9607688897894737,1,0,0.9607688897894737,1,0,0,0,,0.9607688897894737,1,,0.9589597094308994,1,,,1,infrared,0.9607688897894737,1,0,0.9607688897894737,1,0,0
abv:diag:rgbt_m3fd_train_001717:diag_ir,ir,m3fd:014,A long red bus with a digital display and multiple windows is parked along the street at night.,0.9544870827540559,1,0.9571605210316306,1,same,1,infrared,0.9424751376200512,1,0,0.9571605210316306,1,0,0,0,,0.9544870827540559,1,,0.9571605210316306,1,,,1,infrared,0.9424751376200512,1,0,0.9571605210316306,1,0,0
abv:diag:rgbt_m3fd_train_002460:diag_ir,ir,m3fd:039,A white car with illuminated red taillights is parked in a dimly lit area near a building.,0.9344193709577396,1,0.934700847914543,1,same,1,infrared,0.9446622848726033,1,0,0.9419440929909704,1,0,0,0,,0.9344193709577396,1,,0.934700847914543,1,,,1,infrared,0.9446622848726033,1,0,0.9419440929909704,1,0,0
abv:diag:rgbt_m3fd_train_002638:diag_ir,ir,m3fd:001,Motorcyclist riding under dim streetlights.,0.6081120911880045,1,0.6162202524038448,1,same,1,infrared,0.5779843637265498,1,0,0.649529455236485,1,0,0,0,,0.6081120911880045,1,,0.6162202524038448,1,,,1,infrared,0.5779843637265498,1,0,0.649529455236485,1,0,0
abv:diag:rgbt_m3fd_train_002659:diag_ir,ir,m3fd:009,"A person is obscured by dense fog, barely visible amidst the misty surroundings.",0.25041323380656183,0,0.26504763516874963,0,same,1,infrared,0.3676799617901307,0,0,0.34567117007003617,0,0,0,0,,0.25041323380656183,0,,0.26504763516874963,0,,,1,infrared,0.3676799617901307,0,0,0.34567117007003617,0,0,0
abv:diag:rgbt_m3fd_train_002722:diag_ir,ir,m3fd:039,"A dark-colored sedan parked near a building, partially obscured by shadows.",0.8896566112357887,1,0.8896566112357887,1,same,1,infrared,0.8778279412569905,1,0,0.8896566112357887,1,0,0,0,,0.8896566112357887,1,,0.8896566112357887,1,,,1,infrared,0.8778279412569905,1,0,0.8896566112357887,1,0,0
abv:diag:rgbt_m3fd_train_003148:diag_ir,ir,m3fd:039,A person wearing a dark jacket and patterned pants walks past a parked bus at night.,0.92135465283198,1,0.9097118281607202,1,same,1,infrared,0.92135465283198,1,0,0.9206636167578347,1,0,0,0,,0.92135465283198,1,,0.9097118281607202,1,,,1,infrared,0.92135465283198,1,0,0.9206636167578347,1,0,0
abv:diag:robo:0000889:diag_aux,rgb_sufficient,robo:008,I need to pick up the small blue cuboid box on the bottom shelf,0.9108332324225877,1,0.9445074648184707,1,same,0,,0.9108332324225877,1,,0.9445074648184707,1,,,1,depth,0.9041622636129781,1,0,0.9445074648184707,1,0,0,1,depth,0.9041622636129781,1,0,0.9445074648184707,1,0,0
abv:diag:robo:0000917:diag_aux,rgb_sufficient,robo:009,fetch the cylindroid haifeisi shampoo on the bottom shelf,0.9698200081226602,1,0.9328492630325762,1,same,0,,0.9698200081226602,1,,0.9328492630325762,1,,,1,depth,0.9666739451128668,1,0,0.934185472934911,1,0,0,1,depth,0.9666739451128668,1,0,0.934185472934911,1,0,0
abv:diag:robo:0001087:diag_aux,rgb_sufficient,robo:010,pass me the white and green bottled mouthwash on the middle shelf,0.9424626710247132,1,0.9379415133509506,1,same,0,,0.9424626710247132,1,,0.9379415133509506,1,,,1,depth,0.9288139493094756,1,0,0.9379415133509506,1,0,0,1,depth,0.9288139493094756,1,0,0.9379415133509506,1,0,0
abv:diag:robo:0001271:diag_aux,rgb_sufficient,robo:012,fetch the coconut juice in a black and yellow square box at the top,0.951623120523326,1,0.9354329406169982,1,same,0,,0.951623120523326,1,,0.9354329406169982,1,,,1,depth,0.9400266811869318,1,0,0.9833402540912071,1,0,0,1,depth,0.9400266811869318,1,0,0.9833402540912071,1,0,0
abv:diag:robo:0001343:diag_aux,rgb_sufficient,robo:013,could you find the canned coca cola on the bottom shelf near the left,0.8349227380216743,1,0.8589503109233836,1,same,0,,0.8349227380216743,1,,0.8589503109233836,1,,,1,depth,0.8174378519406176,1,0,0.8640842464826832,1,0,0,1,depth,0.8174378519406176,1,0,0.8640842464826832,1,0,0
abv:diag:robo:0001641:diag_aux,rgb_sufficient,robo:016,could you please bring me the white bottled body milk on the middle shelf near the left,0.7987316984953701,1,0.7903162935180941,1,same,0,,0.7987316984953701,1,,0.7903162935180941,1,,,1,depth,0.8122695238935966,1,0,0.8600500841226317,1,0,0,1,depth,0.8122695238935966,1,0,0.8600500841226317,1,0,0
abv:diag:robo:0002006:diag_aux:repair1,rgb_sufficient,robo:020,The white digital thermometer lying diagonally over the flower print.,0.8824289158208425,1,0.9188401196943384,1,same,0,,0.8824289158208425,1,,0.9188401196943384,1,,,1,depth,0.8824289158208425,1,0,0.9278425581122833,1,0,0,1,depth,0.8824289158208425,1,0,0.9278425581122833,1,0,0
abv:diag:robo:0002554:diag_aux,rgb_sufficient,robo:025,fetch me the apple,0.9778754603500752,1,0.9778754603500752,1,same,0,,0.9778754603500752,1,,0.9778754603500752,1,,,1,depth,0.9778754603500752,1,0,0.9821355372635984,1,0,0,1,depth,0.9778754603500752,1,0,0.9821355372635984,1,0,0
abv:diag:robo:0003070:diag_aux,rgb_sufficient,robo:030,would you bring me the smooth white soap,0.0,0,0.0,0,same,0,,0.0,0,,0.0,0,,,1,depth,0.0,0,0,0.0,0,0,0,1,depth,0.0,0,0,0.0,0,0,0
abv:diag:robo:0003525:diag_aux,rgb_sufficient,robo:035,would you please hand me the electric toothbrush,0.9175281804158822,1,0.8855059657264,1,same,0,,0.9175281804158822,1,,0.8855059657264,1,,,1,depth,0.9145106426080959,1,0,0.9156540211642745,1,0,0,1,depth,0.9145106426080959,1,0,0.9156540211642745,1,0,0
abv:diag:robo:0003678:diag_aux,rgb_sufficient,robo:036,grasp the white air conditioner remote control,0.8664208254865051,1,0.8664208254865051,1,same,0,,0.8664208254865051,1,,0.8664208254865051,1,,,1,depth,0.8519804783950635,1,0,0.8664208254865051,1,0,0,1,depth,0.8519804783950635,1,0,0.8664208254865051,1,0,0
abv:diag:robo:0003781:diag_aux,rgb_sufficient,robo:037,can you hand me the white clinical thermometer,0.9532228092479472,1,0.9504187418219573,1,same,0,,0.9532228092479472,1,,0.9504187418219573,1,,,1,depth,0.9485879863160963,1,0,0.9461589034801698,1,0,0,1,depth,0.9485879863160963,1,0,0.9461589034801698,1,0,0
abv:diag:robo:0003877:diag_aux,rgb_sufficient,robo:038,I want to get the taupe elephant model,0.9341148317209427,1,0.9635150494395678,1,same,0,,0.9341148317209427,1,,0.9635150494395678,1,,,1,depth,0.9341148317209427,1,0,0.9443588477024139,1,0,0,1,depth,0.9341148317209427,1,0,0.9443588477024139,1,0,0
abv:diag:robo:0003969:diag_aux,rgb_sufficient,robo:039,I want to grasp the white conical bottled facial JVR cleanser,0.9866617310516493,1,0.9946955794535587,1,same,0,,0.9866617310516493,1,,0.9946955794535587,1,,,1,depth,0.9946955794535587,1,0,0.986129220808417,1,0,0,1,depth,0.9946955794535587,1,0,0.986129220808417,1,0,0
abv:diag:robo:0004074:diag_aux,rgb_sufficient,robo:040,I want to pick up the big brown lion,0.8548779267832617,1,0.877492230033136,1,same,0,,0.8548779267832617,1,,0.877492230033136,1,,,1,depth,0.8734158580749632,1,0,0.8600997506405805,1,0,0,1,depth,0.8734158580749632,1,0,0.8600997506405805,1,0,0
abv:diag:robo:0004256:diag_aux,rgb_sufficient,robo:042,fetch me the small toy lion,0.0,0,0.0,0,same,0,,0.0,0,,0.0,0,,,1,depth,0.0,0,0,0.0,0,0,0,1,depth,0.0,0,0,0.0,0,0,0
abv:diag:robo:0004596:diag_aux,rgb_sufficient,robo:045,fetch the black and gray bluetooth mouse,0.9728487829396194,1,0.0,0,harmed,0,,0.9728487829396194,1,,0.0,0,,,1,depth,0.0,0,1,0.0,0,0,-1,1,depth,0.0,0,1,0.0,0,0,-1
abv:diag:robo:0004963:diag_aux,rgb_sufficient,robo:049,could you fetch me the dinosaur,0.32179688622197705,0,0.32316820381063294,0,same,0,,0.32179688622197705,0,,0.32316820381063294,0,,,1,depth,0.3201381393857813,0,0,0.32152289164521614,0,0,0,1,depth,0.3201381393857813,0,0,0.32152289164521614,0,0,0
abv:diag:robo:0005194:diag_aux,rgb_sufficient,robo:051,I want to grab the yellow tennis ball on the right,0.9079551363901576,1,0.9268287617238499,1,same,0,,0.9079551363901576,1,,0.9268287617238499,1,,,1,depth,0.8757827336924845,1,0,0.917225021303698,1,0,0,1,depth,0.8757827336924845,1,0,0.917225021303698,1,0,0
abv:diag:robo:0005338:diag_aux,rgb_sufficient,robo:053,give me the sachima,0.9142349713400162,1,0.9235100412154379,1,same,0,,0.9142349713400162,1,,0.9235100412154379,1,,,1,depth,0.9142349713400162,1,0,0.8833294173269229,1,0,0,1,depth,0.9142349713400162,1,0,0.8833294173269229,1,0,0
abv:diag:robo:0005614:diag_aux,rgb_sufficient,robo:056,would you please hand me the triangle cake with red spots,0.9384320407546622,1,0.9485473501358027,1,same,0,,0.9384320407546622,1,,0.9485473501358027,1,,,1,depth,0.9384320407546622,1,0,0.9428332094723342,1,0,0,1,depth,0.9384320407546622,1,0,0.9428332094723342,1,0,0
abv:diag:robo:0006076:diag_aux,rgb_sufficient,robo:060,will you please hand me the white disposable water cup on the right,0.9257059904888079,1,0.9172286594083299,1,same,0,,0.9257059904888079,1,,0.9172286594083299,1,,,1,depth,0.9257059904888079,1,0,0.9227070855309956,1,0,0,1,depth,0.9257059904888079,1,0,0.9227070855309956,1,0,0
abv:diag:robo:0006195:diag_aux,rgb_sufficient,robo:061,could you find the orange at the bottom,0.9219076705820786,1,0.928694232911694,1,same,0,,0.9219076705820786,1,,0.928694232911694,1,,,1,depth,0.8914228310707427,1,0,0.932288394710738,1,0,0,1,depth,0.8914228310707427,1,0,0.932288394710738,1,0,0
abv:diag:robo:0006229:diag_aux,rgb_sufficient,robo:062,could you please pass me the orange on the left,0.9111490796160856,1,0.9615584263197678,1,same,0,,0.9111490796160856,1,,0.9615584263197678,1,,,1,depth,0.9111490796160856,1,0,0.9820171162414649,1,0,0,1,depth,0.9111490796160856,1,0,0.9820171162414649,1,0,0
abv:diag:robo:0006325:diag_aux,rgb_sufficient,robo:063,would you give me the square shaped white soap,0.748393502672414,1,0.8008485731451292,1,same,0,,0.748393502672414,1,,0.8008485731451292,1,,,1,depth,0.7149211829675651,1,0,0.7774462089652397,1,0,0,1,depth,0.7149211829675651,1,0,0.7774462089652397,1,0,0
abv:diag:robo:0006494:diag_aux,rgb_sufficient,robo:064,give me the white cylindroid bottled shampoo,0.0,0,0.0,0,same,0,,0.0,0,,0.0,0,,,1,depth,0.0,0,0,0.0,0,0,0,1,depth,0.0,0,0,0.0,0,0,0
abv:diag:robo:0006559:diag_aux,rgb_sufficient,robo:065,I want to get the shampoo,0.0,0,0.0,0,same,0,,0.0,0,,0.0,0,,,1,depth,0.0,0,0,0.0,0,0,0,1,depth,0.0,0,0,0.0,0,0,0
abv:diag:robo:0006778:diag_aux,rgb_sufficient,robo:067,could you please give me the conical bottled facial cleanser on the right,0.8931213017751487,1,0.8958691819650154,1,same,0,,0.8931213017751487,1,,0.8958691819650154,1,,,1,depth,0.8752306273062735,1,0,0.9154551763567913,1,0,0,1,depth,0.8752306273062735,1,0,0.9154551763567913,1,0,0
abv:diag:robo:0007199:diag_aux,rgb_sufficient,robo:071,I want to pick up the white bottled body milk,0.0,0,0.0,0,same,0,,0.0,0,,0.0,0,,,1,depth,0.0,0,0,0.0,0,0,0,1,depth,0.0,0,0,0.0,0,0,0
abv:diag:robo:0007227:diag_aux,rgb_sufficient,robo:072,would you pass me the dabao body lotion on the right,0.9158127330079316,1,0.0,0,harmed,0,,0.9158127330079316,1,,0.0,0,,,1,depth,0.8845272607039231,1,0,0.9426360823837752,1,-1,-1,1,depth,0.8845272607039231,1,0,0.9426360823837752,1,-1,-1
abv:diag:robo:0007353:diag_aux,rgb_sufficient,robo:073,will you please bring me the dabao body lotion on the right,0.8775567900360411,1,0.0,0,harmed,0,,0.8775567900360411,1,,0.0,0,,,1,depth,0.8775064804305498,1,0,0.8870398286506483,1,-1,-1,1,depth,0.8775064804305498,1,0,0.8870398286506483,1,-1,-1
abv:diag:robo:0007810:diag_aux,rgb_sufficient,robo:078,would you please bring me the shampoo,0.0,0,0.0,0,same,0,,0.0,0,,0.0,0,,,1,depth,0.0,0,0,0.0,0,0,0,1,depth,0.0,0,0,0.0,0,0,0
