"case_id","bundle_id","object_id","semantic_label","aux_modality","rgb_image_path","aux_image_path","rgb_box_xyxy_normalized","aux_box_xyxy_normalized","decision","note"
"rgbdt500_082_00000264::target::infrared","rgbdt500_082_00000264","target","large bird standing behind the foreground railing with its back toward the camera","infrared","F:\AIC\data\external\RGBDT500\pilot\082\color\00000264.png","F:\AIC\data\external\RGBDT500\pilot\082\infrared\00000264.png","[0.6328125,0.43703703703703706,0.69375,0.6407407407407407]","[0.647,0.42,0.704,0.65]","accept",""
"rgbdt500_269_00000103::target::depth","rgbdt500_269_00000103","target","foreground runner in a blue shirt and white cap near the center of the road","depth","F:\AIC\data\external\RGBDT500\supplement_object_trial_v2\pilot\269\color\00000103.png","F:\AIC\data\external\RGBDT500\supplement_object_trial_v2\pilot\269\depth_visual\00000103.png","[0.45,0.42407407407407405,0.5713541666666667,0.8425925925925926]","[0.458,0.431,0.573,0.849]","accept",""
"rgbdt500_395_00000158::target::depth","rgbdt500_395_00000158","target","person","depth","F:\AIC\data\external\RGBDT500\supplement_object_trial_v2\pilot\395\color\00000158.png","F:\AIC\data\external\RGBDT500\supplement_object_trial_v2\pilot\395\depth_visual\00000158.png","[0.36822916666666666,0.3037037037037037,0.4239583333333333,0.5351851851851852]","[0.365,0.3,0.427,0.54]","accept",""
"rgbdt500_078_00000176::target::depth","rgbdt500_078_00000176","target","large shaggy horned bovine close in the foreground","depth","F:\AIC\data\external\RGBDT500\supplement_object_trial_v2\pilot\078\color\00000176.png","F:\AIC\data\external\RGBDT500\supplement_object_trial_v2\pilot\078\depth_visual\00000176.png","[0.2796875,0.41759259259259257,0.553125,0.9972222222222222]","[0.303,0.411,0.606,1.0]","accept",""
"rgbdt500_364_00000322::target::infrared","rgbdt500_364_00000322","target","stag","infrared","F:\AIC\data\external\RGBDT500\supplement_pilot_v1\pilot\364\color\00000322.png","F:\AIC\data\external\RGBDT500\supplement_pilot_v1\pilot\364\infrared\00000322.png","[0.12135416666666667,0.23796296296296296,0.5833333333333334,0.9972222222222222]","[0.118,0.232,0.588,0.999]","accept",""
"rgbdt500_079_00000148::target::depth","rgbdt500_079_00000148","target","shaggy horned animal","depth","F:\AIC\data\external\RGBDT500\supplement_pilot_v1\pilot\079\color\00000148.png","F:\AIC\data\external\RGBDT500\supplement_pilot_v1\pilot\079\depth_visual\00000148.png","[0.4083333333333333,0.41759259259259257,0.534375,0.6842592592592592]","[0.432,0.455,0.535,0.681]","accept",""
"rgbdt500_365_00000312::target::depth","rgbdt500_365_00000312","target","larger antlered deer standing in the foreground on the left","depth","F:\AIC\data\external\RGBDT500\supplement_object_trial_v2\pilot\365\color\00000312.png","F:\AIC\data\external\RGBDT500\supplement_object_trial_v2\pilot\365\depth_visual\00000312.png","[0.3390625,0.2814814814814815,0.5723958333333333,0.8148148148148148]","[0.343,0.232,0.581,0.828]","accept",""
"rgbdt500_259_00000203::target::infrared","rgbdt500_259_00000203","target","large boulder","infrared","F:\AIC\data\external\RGBDT500\supplement_object_trial_v2\pilot\259\color\00000203.png","F:\AIC\data\external\RGBDT500\supplement_object_trial_v2\pilot\259\infrared\00000203.png","[0.5640625,0.2657407407407407,0.8729166666666667,0.649074074074074]","[0.5729,0.2565,0.8818,0.662]","accept",""
"rgbdt500_268_00000105::target::depth","rgbdt500_268_00000105","target","foreground runner in a turquoise top and bright yellow socks","depth","F:\AIC\data\external\RGBDT500\supplement_pilot_v1\pilot\268\color\00000105.png","F:\AIC\data\external\RGBDT500\supplement_pilot_v1\pilot\268\depth_visual\00000105.png","[0.246875,0.4861111111111111,0.34270833333333334,0.8240740740740741]","[0.235,0.481,0.334,0.842]","accept",""
"rgbdt500_245_00000195::target::depth","rgbdt500_245_00000195","target","large park information sign in a wooden frame","depth","F:\AIC\data\external\RGBDT500\supplement_object_trial_v2\pilot\245\color\00000195.png","F:\AIC\data\external\RGBDT500\supplement_object_trial_v2\pilot\245\depth_visual\00000195.png","[0.4786458333333333,0.3333333333333333,0.7708333333333334,0.7685185185185185]","[0.52,0.34,0.79,0.8]","accept",""
"rgbdt500_134_00000168::target::infrared","rgbdt500_134_00000168","target","bird","infrared","F:\AIC\data\external\RGBDT500\supplement_object_trial_v2\pilot\134\color\00000168.png","F:\AIC\data\external\RGBDT500\supplement_object_trial_v2\pilot\134\infrared\00000168.png","[0.5020833333333333,0.7222222222222222,0.5421875,0.8305555555555556]","[0.5052,0.7241,0.55,0.8463]","accept",""
"rgbdt500_340_00000072::target::depth","rgbdt500_340_00000072","target","round 30 speed limit sign beside the road","depth","F:\AIC\data\external\RGBDT500\supplement_pilot_v1\pilot\340\color\00000072.png","F:\AIC\data\external\RGBDT500\supplement_pilot_v1\pilot\340\depth_visual\00000072.png","[0.7453125,0.37037037037037035,0.796875,0.4685185185185185]","[0.76,0.37,0.806,0.47]","accept",""
"rgbdt500_246_00000272::target::depth","rgbdt500_246_00000272","target","tall utility cabinet beside the curb","depth","F:\AIC\data\external\RGBDT500\supplement_object_trial_v2\pilot\246\color\00000272.png","F:\AIC\data\external\RGBDT500\supplement_object_trial_v2\pilot\246\depth_visual\00000272.png","[0.31354166666666666,0.17314814814814813,0.5161458333333333,0.6851851851851852]","[0.317,0.173,0.515,0.692]","accept",""
"rgbdt500_241_00000278::target::infrared","rgbdt500_241_00000278","target","upright bollard beside the grassy verge","infrared","F:\AIC\data\external\RGBDT500\supplement_object_trial_v2\pilot\241\color\00000278.png","F:\AIC\data\external\RGBDT500\supplement_object_trial_v2\pilot\241\infrared\00000278.png","[0.675,0.3712962962962963,0.6989583333333333,0.4824074074074074]","[0.675,0.371,0.698,0.481]","accept",""
"rgbdt500_353_00000566::target::depth","rgbdt500_353_00000566","target","two-humped camel behind the center-right fence","depth","F:\AIC\data\external\RGBDT500\supplement_object_trial_v2\pilot\353\color\00000566.png","F:\AIC\data\external\RGBDT500\supplement_object_trial_v2\pilot\353\depth_visual\00000566.png","[0.6421875,0.4444444444444444,0.803125,0.7240740740740741]","[0.646,0.417,0.802,0.722]","accept",""
"rgbdt500_307_00000179::target::infrared","rgbdt500_307_00000179","target","person","infrared","F:\AIC\data\external\RGBDT500\supplement_object_trial_v2\pilot\307\color\00000179.png","F:\AIC\data\external\RGBDT500\supplement_object_trial_v2\pilot\307\infrared\00000179.png","[0.6109375,0.08981481481481482,0.775,0.8333333333333334]","[0.6224,0.0944,0.7917,0.8556]","accept",""
"rgbdt500_336_00000049::target::depth","rgbdt500_336_00000049","target","rounded shrub beside the paved walkway","depth","F:\AIC\data\external\RGBDT500\supplement_object_trial_v2\pilot\336\color\00000049.png","F:\AIC\data\external\RGBDT500\supplement_object_trial_v2\pilot\336\depth_visual\00000049.png","[0.4375,0.30462962962962964,0.5817708333333333,0.4648148148148148]","[0.482,0.315,0.577,0.463]","uncertain","Depth框定的位置是正确的，但不够宽 没框住全部的灌木"
"rgbdt500_330_00000099::target::infrared","rgbdt500_330_00000099","target","black swan swimming in the lower part of the pond","infrared","F:\AIC\data\external\RGBDT500\supplement_object_trial_v2\pilot\330\color\00000099.png","F:\AIC\data\external\RGBDT500\supplement_object_trial_v2\pilot\330\infrared\00000099.png","[0.30104166666666665,0.4842592592592593,0.5114583333333333,0.7203703703703703]","[0.302,0.493,0.526,0.728]","accept",""
"rgbdt500_215_00000137::target::infrared","rgbdt500_215_00000137","target","horse","infrared","F:\AIC\data\external\RGBDT500\supplement_object_trial_v2\pilot\215\color\00000137.png","F:\AIC\data\external\RGBDT500\supplement_object_trial_v2\pilot\215\infrared\00000137.png","[0.36041666666666666,0.34444444444444444,0.5057291666666667,0.6018518518518519]","[0.39,0.375,0.512,0.62]","accept",""
"rgbdt500_317_00000058::target::infrared","rgbdt500_317_00000058","target","curled-up dog resting beside the curb","infrared","F:\AIC\data\external\RGBDT500\supplement_object_trial_v2\pilot\317\color\00000058.png","F:\AIC\data\external\RGBDT500\supplement_object_trial_v2\pilot\317\infrared\00000058.png","[0.47291666666666665,0.38333333333333336,0.6671875,0.6]","[0.453,0.375,0.688,0.625]","accept",""
"rgbdt500_388_00000347::target::infrared","rgbdt500_388_00000347","target","large shaggy horned bovine on the paved path","infrared","F:\AIC\data\external\RGBDT500\supplement_object_trial_v2\pilot\388\color\00000347.png","F:\AIC\data\external\RGBDT500\supplement_object_trial_v2\pilot\388\infrared\00000347.png","[0.49947916666666664,0.2388888888888889,0.6177083333333333,0.49166666666666664]","[0.488,0.218,0.625,0.505]","accept",""
"rgbdt500_255_00000304::target::depth","rgbdt500_255_00000304","target","round 20 speed limit sign under the trees","depth","F:\AIC\data\external\RGBDT500\supplement_object_trial_v2\pilot\255\color\00000304.png","F:\AIC\data\external\RGBDT500\supplement_object_trial_v2\pilot\255\depth_visual\00000304.png","[0.36614583333333334,0.14629629629629629,0.48802083333333335,0.3648148148148148]","[0.36,0.16,0.48,0.38]","accept",""
"rgbdt500_154_00000237::target::infrared","rgbdt500_154_00000237","target","peacock walking on the grass beside the stepping stones","infrared","F:\AIC\data\external\RGBDT500\supplement_object_trial_v2\pilot\154\color\00000237.png","F:\AIC\data\external\RGBDT500\supplement_object_trial_v2\pilot\154\infrared\00000237.png","[0.24322916666666666,0.39814814814814814,0.5869791666666667,0.7185185185185186]","[0.242,0.405,0.588,0.722]","accept",""
"rgbdt500_398_00000123::target::depth","rgbdt500_398_00000123","target","person","depth","F:\AIC\data\external\RGBDT500\pilot\398\color\00000123.png","F:\AIC\data\external\RGBDT500\pilot\398\depth_visual\00000123.png","[0.27291666666666664,0.43148148148148147,0.30833333333333335,0.6435185185185185]","[0.286,0.441,0.32,0.655]","accept",""
"rgbdt500_005_00000198::target::depth","rgbdt500_005_00000198","target","person in dark clothing with a skateboard on the plaza","depth","F:\AIC\data\external\RGBDT500\supplement_object_trial_v2\pilot\005\color\00000198.png","F:\AIC\data\external\RGBDT500\supplement_object_trial_v2\pilot\005\depth_visual\00000198.png","[0.35833333333333334,0.22314814814814815,0.4484375,0.5537037037037037]","[0.358,0.222,0.458,0.56]","accept",""
"rgbdt500_265_00000168::target::infrared","rgbdt500_265_00000168","target","large foreground boulder beside the curved path","infrared","F:\AIC\data\external\RGBDT500\supplement_object_trial_v2\pilot\265\color\00000168.png","F:\AIC\data\external\RGBDT500\supplement_object_trial_v2\pilot\265\infrared\00000168.png","[0.4890625,0.26481481481481484,0.68125,0.5333333333333333]","[0.488,0.263,0.685,0.54]","accept",""
"rgbdt500_027_00000301::target::infrared","rgbdt500_027_00000301","target","large shaggy animal standing beside the railing","infrared","F:\AIC\data\external\RGBDT500\pilot\027\color\00000301.png","F:\AIC\data\external\RGBDT500\pilot\027\infrared\00000301.png","[0.534375,0.44722222222222224,0.9020833333333333,0.9175925925925926]","[0.526,0.443,0.911,0.928]","accept",""
"rgbdt500_043_00000175::target::infrared","rgbdt500_043_00000175","target","dark brown bear walking across the grass","infrared","F:\AIC\data\external\RGBDT500\supplement_object_trial_v2\pilot\043\color\00000175.png","F:\AIC\data\external\RGBDT500\supplement_object_trial_v2\pilot\043\infrared\00000175.png","[0.4708333333333333,0.3592592592592593,0.7328125,0.7388888888888889]","[0.48,0.36,0.74,0.73]","accept",""
"rgbdt500_092_00000127::target::infrared","rgbdt500_092_00000127","target","parrot","infrared","F:\AIC\data\external\RGBDT500\supplement_object_trial_v2\pilot\092\color\00000127.png","F:\AIC\data\external\RGBDT500\supplement_object_trial_v2\pilot\092\infrared\00000127.png","[0.6947916666666667,0.4564814814814815,0.7822916666666667,0.6564814814814814]","[0.7,0.445,0.782,0.67]","accept",""
"rgbdt500_032_00000191::target::infrared","rgbdt500_032_00000191","target","person standing beside the waste-sorting bins","infrared","F:\AIC\data\external\RGBDT500\supplement_object_trial_v2\pilot\032\color\00000191.png","F:\AIC\data\external\RGBDT500\supplement_object_trial_v2\pilot\032\infrared\00000191.png","[0.478125,0.21481481481481482,0.5447916666666667,0.47685185185185186]","[0.469,0.207,0.55,0.472]","accept",""
"rgbdt500_156_00000312::target::infrared","rgbdt500_156_00000312","target","antlered deer","infrared","F:\AIC\data\external\RGBDT500\pilot\156\color\00000312.png","F:\AIC\data\external\RGBDT500\pilot\156\infrared\00000312.png","[0.6567708333333333,0.36203703703703705,0.7260416666666667,0.7157407407407408]","[0.646,0.365,0.727,0.652]","accept",""
"rgbdt500_005_00000198::target::infrared","rgbdt500_005_00000198","target","person in dark clothing with a skateboard on the plaza","infrared","F:\AIC\data\external\RGBDT500\supplement_object_trial_v2\pilot\005\color\00000198.png","F:\AIC\data\external\RGBDT500\supplement_object_trial_v2\pilot\005\infrared\00000198.png","[0.35833333333333334,0.22314814814814815,0.4484375,0.5537037037037037]","[0.355,0.225,0.455,0.56]","accept",""
"rgbdt500_288_00000125::target::infrared","rgbdt500_288_00000125","target","small animal standing in the grass","infrared","F:\AIC\data\external\RGBDT500\pilot\288\color\00000125.png","F:\AIC\data\external\RGBDT500\pilot\288\infrared\00000125.png","[0.4125,0.23981481481481481,0.43072916666666666,0.2898148148148148]","[0.411,0.244,0.434,0.294]","accept",""
"rgbdt500_363_00000269::target::infrared","rgbdt500_363_00000269","target","barred window in the left section of the brick wall","infrared","F:\AIC\data\external\RGBDT500\supplement_object_trial_v2\pilot\363\color\00000269.png","F:\AIC\data\external\RGBDT500\supplement_object_trial_v2\pilot\363\infrared\00000269.png","[0.19375,0.1527777777777778,0.296875,0.3148148148148148]","[0.196,0.148,0.299,0.322]","accept",""
"rgbdt500_282_00000371::target::infrared","rgbdt500_282_00000371","target","shorter child standing beside a taller adult","infrared","F:\AIC\data\external\RGBDT500\pilot\282\color\00000371.png","F:\AIC\data\external\RGBDT500\pilot\282\infrared\00000371.png","[0.41458333333333336,0.3907407407407407,0.4828125,0.6777777777777778]","[0.434,0.356,0.497,0.708]","accept",""
"rgbdt500_097_00000201::target::depth","rgbdt500_097_00000201","target","zebra","depth","F:\AIC\data\external\RGBDT500\supplement_object_trial_v2\pilot\097\color\00000201.png","F:\AIC\data\external\RGBDT500\supplement_object_trial_v2\pilot\097\depth_visual\00000201.png","[0.42291666666666666,0.5740740740740741,0.5442708333333334,0.7685185185185185]","[0.414,0.578,0.558,0.742]","accept",""
"rgbdt500_392_00000067::target::infrared","rgbdt500_392_00000067","target","sideways deer facing right","infrared","F:\AIC\data\external\RGBDT500\supplement_object_trial_v2\pilot\392\color\00000067.png","F:\AIC\data\external\RGBDT500\supplement_object_trial_v2\pilot\392\infrared\00000067.png","[0.2520833333333333,0.5157407407407407,0.3953125,0.7296296296296296]","[0.254,0.514,0.403,0.738]","accept",""
"rgbdt500_118_00000077::target::infrared","rgbdt500_118_00000077","target","spotted deer beside the right-side railing","infrared","F:\AIC\data\external\RGBDT500\supplement_object_trial_v2\pilot\118\color\00000077.png","F:\AIC\data\external\RGBDT500\supplement_object_trial_v2\pilot\118\infrared\00000077.png","[0.7020833333333333,0.287962962962963,0.8432291666666667,0.5694444444444444]","[0.7,0.28,0.85,0.57]","accept",""
"rgbdt500_083_00000299::target::infrared","rgbdt500_083_00000299","target","fire hydrant","infrared","F:\AIC\data\external\RGBDT500\pilot\083\color\00000299.png","F:\AIC\data\external\RGBDT500\pilot\083\infrared\00000299.png","[0.43333333333333335,0.48055555555555557,0.484375,0.662962962962963]","[0.427,0.478,0.494,0.665]","accept",""
"rgbdt500_099_00000276::target::infrared","rgbdt500_099_00000276","target","pedal boat","infrared","F:\AIC\data\external\RGBDT500\supplement_pilot_v1\pilot\099\color\00000276.png","F:\AIC\data\external\RGBDT500\supplement_pilot_v1\pilot\099\infrared\00000276.png","[0.10364583333333334,0.6027777777777777,0.390625,0.8638888888888889]","[0.098,0.595,0.399,0.861]","accept",""
"rgbdt500_101_00000267::target::infrared","rgbdt500_101_00000267","target","air-quality monitoring cabinet","infrared","F:\AIC\data\external\RGBDT500\pilot\101\color\00000267.png","F:\AIC\data\external\RGBDT500\pilot\101\infrared\00000267.png","[0.4666666666666667,0.4101851851851852,0.56875,0.6638888888888889]","[0.4609,0.4065,0.5781,0.6741]","accept",""
"rgbdt500_114_00000159::target::depth","rgbdt500_114_00000159","target","pedestrian beside the railing","depth","F:\AIC\data\external\RGBDT500\supplement_object_trial_v2\pilot\114\color\00000159.png","F:\AIC\data\external\RGBDT500\supplement_object_trial_v2\pilot\114\depth_visual\00000159.png","[0.6484375,0.4148148148148148,0.6942708333333333,0.6138888888888889]","[0.642,0.42,0.699,0.628]","accept",""
"rgbdt500_219_00000220::reference1::infrared","rgbdt500_219_00000220","reference1","playground climbing frame","infrared","F:\AIC\data\external\RGBDT500\pilot\219\color\00000220.png","F:\AIC\data\external\RGBDT500\pilot\219\infrared\00000220.png","[0.625,0.423,0.849,1.0]","[0.627,0.425,0.846,1.0]","accept",""
"rgbdt500_395_00000158::target::infrared","rgbdt500_395_00000158","target","person","infrared","F:\AIC\data\external\RGBDT500\supplement_object_trial_v2\pilot\395\color\00000158.png","F:\AIC\data\external\RGBDT500\supplement_object_trial_v2\pilot\395\infrared\00000158.png","[0.36822916666666666,0.3037037037037037,0.4239583333333333,0.5351851851851852]","[0.365,0.303,0.428,0.537]","accept",""
"rgbdt500_024_00000303::target::infrared","rgbdt500_024_00000303","target","quadcopter drone","infrared","F:\AIC\data\external\RGBDT500\pilot\024\color\00000303.png","F:\AIC\data\external\RGBDT500\pilot\024\infrared\00000303.png","[0.225,0.4444444444444444,0.31875,0.5222222222222223]","[0.225,0.4444,0.3214,0.5241]","accept",""
"rgbdt500_099_00000276::target::depth","rgbdt500_099_00000276","target","pedal boat","depth","F:\AIC\data\external\RGBDT500\supplement_pilot_v1\pilot\099\color\00000276.png","F:\AIC\data\external\RGBDT500\supplement_pilot_v1\pilot\099\depth_visual\00000276.png","[0.10364583333333334,0.6027777777777777,0.390625,0.8638888888888889]","[0.108,0.606,0.395,0.851]","accept",""
"rgbdt500_032_00000191::target::depth","rgbdt500_032_00000191","target","person standing beside the waste-sorting bins","depth","F:\AIC\data\external\RGBDT500\supplement_object_trial_v2\pilot\032\color\00000191.png","F:\AIC\data\external\RGBDT500\supplement_object_trial_v2\pilot\032\depth_visual\00000191.png","[0.478125,0.21481481481481482,0.5447916666666667,0.47685185185185186]","[0.471,0.211,0.557,0.49]","accept",""
"rgbdt500_379_00000267::target::infrared","rgbdt500_379_00000267","target","deer","infrared","F:\AIC\data\external\RGBDT500\supplement_pilot_v1\pilot\379\color\00000267.png","F:\AIC\data\external\RGBDT500\supplement_pilot_v1\pilot\379\infrared\00000267.png","[0.46197916666666666,0.5666666666666667,0.6192708333333333,0.8851851851851852]","[0.458,0.55,0.627,0.889]","accept",""
"rgbdt500_224_00000236::target::infrared","rgbdt500_224_00000236","target","bear sitting beside the pond edge","infrared","F:\AIC\data\external\RGBDT500\supplement_pilot_v1\pilot\224\color\00000236.png","F:\AIC\data\external\RGBDT500\supplement_pilot_v1\pilot\224\infrared\00000236.png","[0.36041666666666666,0.3972222222222222,0.46197916666666666,0.6092592592592593]","[0.365,0.384,0.472,0.635]","accept",""
"rgbdt500_093_00000114::target::depth","rgbdt500_093_00000114","target","large white swan gliding alone on the pond","depth","F:\AIC\data\external\RGBDT500\pilot\093\color\00000114.png","F:\AIC\data\external\RGBDT500\pilot\093\depth_visual\00000114.png","[0.4197916666666667,0.6259259259259259,0.5765625,0.7592592592592593]","[0.418,0.64,0.579,0.766]","accept",""
"rgbdt500_341_00000099::target::infrared","rgbdt500_341_00000099","target","pedestrian walking along the sidewalk beside the trees","infrared","F:\AIC\data\external\RGBDT500\pilot\341\color\00000099.png","F:\AIC\data\external\RGBDT500\pilot\341\infrared\00000099.png","[0.5328125,0.5296296296296297,0.5682291666666667,0.7453703703703703]","[0.531,0.526,0.573,0.75]","accept",""
"rgbdt500_158_00000237::target::infrared","rgbdt500_158_00000237","target","large animal","infrared","F:\AIC\data\external\RGBDT500\supplement_object_trial_v2\pilot\158\color\00000237.png","F:\AIC\data\external\RGBDT500\supplement_object_trial_v2\pilot\158\infrared\00000237.png","[0.48125,0.5157407407407407,0.6916666666666667,0.8203703703703704]","[0.4792,0.5185,0.6948,0.825]","accept",""
"rgbdt500_048_00000109::target::infrared","rgbdt500_048_00000109","target","elephant partly screened by foliage and a tree","infrared","F:\AIC\data\external\RGBDT500\supplement_object_trial_v2\pilot\048\color\00000109.png","F:\AIC\data\external\RGBDT500\supplement_object_trial_v2\pilot\048\infrared\00000109.png","[0.1203125,0.4305555555555556,0.3385416666666667,0.8009259259259259]","[0.112,0.421,0.342,0.798]","accept",""
"rgbdt500_370_00000080::target::infrared","rgbdt500_370_00000080","target","small animal","infrared","F:\AIC\data\external\RGBDT500\pilot\370\color\00000080.png","F:\AIC\data\external\RGBDT500\pilot\370\infrared\00000080.png","[0.38125,0.19166666666666668,0.40572916666666664,0.2722222222222222]","[0.378,0.19,0.412,0.281]","accept",""
"rgbdt500_096_00000213::target::depth","rgbdt500_096_00000213","target","zebra","depth","F:\AIC\data\external\RGBDT500\pilot\096\color\00000213.png","F:\AIC\data\external\RGBDT500\pilot\096\depth_visual\00000213.png","[0.5427083333333333,0.44351851851851853,0.6453125,0.6027777777777777]","[0.557,0.455,0.667,0.611]","accept",""
"rgbdt500_010_00000231::target::infrared","rgbdt500_010_00000231","target","rescue ring","infrared","F:\AIC\data\external\RGBDT500\pilot\010\color\00000231.png","F:\AIC\data\external\RGBDT500\pilot\010\infrared\00000231.png","[0.3703125,0.41388888888888886,0.4166666666666667,0.525]","[0.375,0.426,0.412,0.514]","accept",""
"rgbdt500_111_00000142::target::depth","rgbdt500_111_00000142","target","person sitting beside the path","depth","F:\AIC\data\external\RGBDT500\pilot\111\color\00000142.png","F:\AIC\data\external\RGBDT500\pilot\111\depth_visual\00000142.png","[0.3828125,0.6574074074074074,0.43697916666666664,0.7981481481481482]","[0.398,0.667,0.442,0.802]","accept",""
"rgbdt500_110_00000078::target::infrared","rgbdt500_110_00000078","target","person sitting on the bank beside the water","infrared","F:\AIC\data\external\RGBDT500\pilot\110\color\00000078.png","F:\AIC\data\external\RGBDT500\pilot\110\infrared\00000078.png","[0.32916666666666666,0.30925925925925923,0.390625,0.47962962962962963]","[0.321,0.31,0.395,0.53]","accept",""
"rgbdt500_159_00000186::target::infrared","rgbdt500_159_00000186","target","yak","infrared","F:\AIC\data\external\RGBDT500\supplement_pilot_v1\pilot\159\color\00000186.png","F:\AIC\data\external\RGBDT500\supplement_pilot_v1\pilot\159\infrared\00000186.png","[0.25104166666666666,0.4935185185185185,0.396875,0.8268518518518518]","[0.244,0.493,0.406,0.835]","accept",""
"rgbdt500_135_00000197::target::infrared","rgbdt500_135_00000197","target","large white long-necked bird gliding on the pond in front of the clustered birds","infrared","F:\AIC\data\external\RGBDT500\pilot\135\color\00000197.png","F:\AIC\data\external\RGBDT500\pilot\135\infrared\00000197.png","[0.3333333333333333,0.7055555555555556,0.46041666666666664,0.8092592592592592]","[0.333,0.72,0.49,0.81]","accept",""
"rgbdt500_275_00000133::target::depth","rgbdt500_275_00000133","target","person","depth","F:\AIC\data\external\RGBDT500\supplement_object_trial_v2\pilot\275\color\00000133.png","F:\AIC\data\external\RGBDT500\supplement_object_trial_v2\pilot\275\depth_visual\00000133.png","[0.5859375,0.2962962962962963,0.6734375,0.55]","[0.588,0.294,0.676,0.559]","accept",""
"rgbdt500_119_00000202::target::depth","rgbdt500_119_00000202","target","deer","depth","F:\AIC\data\external\RGBDT500\supplement_object_trial_v2\pilot\119\color\00000202.png","F:\AIC\data\external\RGBDT500\supplement_object_trial_v2\pilot\119\depth_visual\00000202.png","[0.15677083333333333,0.42685185185185187,0.32708333333333334,0.7648148148148148]","[0.151,0.407,0.316,0.774]","accept",""
"rgbdt500_216_00000044::target::depth","rgbdt500_216_00000044","target","large bird","depth","F:\AIC\data\external\RGBDT500\supplement_object_trial_v2\pilot\216\color\00000044.png","F:\AIC\data\external\RGBDT500\supplement_object_trial_v2\pilot\216\depth_visual\00000044.png","[0.7770833333333333,0.5953703703703703,0.8302083333333333,0.6731481481481482]","[0.79,0.6,0.839,0.688]","accept",""
"rgbdt500_344_00000042::target::infrared","rgbdt500_344_00000042","target","white delivery truck stopped along the roadside","infrared","F:\AIC\data\external\RGBDT500\pilot\344\color\00000042.png","F:\AIC\data\external\RGBDT500\pilot\344\infrared\00000042.png","[0.5947916666666667,0.46944444444444444,0.6875,0.6157407407407407]","[0.592,0.468,0.694,0.631]","accept",""
"rgbdt500_271_00000039::target::infrared","rgbdt500_271_00000039","target","person","infrared","F:\AIC\data\external\RGBDT500\pilot\271\color\00000039.png","F:\AIC\data\external\RGBDT500\pilot\271\infrared\00000039.png","[0.4713541666666667,0.4388888888888889,0.5130208333333334,0.6768518518518518]","[0.478,0.45,0.514,0.68]","accept",""
"rgbdt500_217_00000238::reference1::infrared","rgbdt500_217_00000238","reference1","upright frame with horizontal bars","infrared","F:\AIC\data\external\RGBDT500\supplement_object_trial_v2\pilot\217\color\00000238.png","F:\AIC\data\external\RGBDT500\supplement_object_trial_v2\pilot\217\infrared\00000238.png","[0.482,0.533,0.696,1.0]","[0.495,0.552,0.695,1.0]","accept",""
"rgbdt500_321_00000079::target::infrared","rgbdt500_321_00000079","target","white cockatoo perched inside the enclosure","infrared","F:\AIC\data\external\RGBDT500\supplement_object_trial_v2\pilot\321\color\00000079.png","F:\AIC\data\external\RGBDT500\supplement_object_trial_v2\pilot\321\infrared\00000079.png","[0.2015625,0.12685185185185185,0.27708333333333335,0.4898148148148148]","[0.209,0.13,0.293,0.491]","accept",""
"rgbdt500_365_00000312::target::infrared","rgbdt500_365_00000312","target","larger antlered deer standing in the foreground on the left","infrared","F:\AIC\data\external\RGBDT500\supplement_object_trial_v2\pilot\365\color\00000312.png","F:\AIC\data\external\RGBDT500\supplement_object_trial_v2\pilot\365\infrared\00000312.png","[0.3390625,0.2814814814814815,0.5723958333333333,0.8148148148148148]","[0.352,0.231,0.589,0.833]","accept",""
"rgbdt500_382_00000074::target::infrared","rgbdt500_382_00000074","target","tiger","infrared","F:\AIC\data\external\RGBDT500\pilot\382\color\00000074.png","F:\AIC\data\external\RGBDT500\pilot\382\infrared\00000074.png","[0.7270833333333333,0.5564814814814815,0.7927083333333333,0.7444444444444445]","[0.721,0.548,0.803,0.758]","accept",""
"rgbdt500_087_00000167::target::infrared","rgbdt500_087_00000167","target","bear","infrared","F:\AIC\data\external\RGBDT500\supplement_object_trial_v2\pilot\087\color\00000167.png","F:\AIC\data\external\RGBDT500\supplement_object_trial_v2\pilot\087\infrared\00000167.png","[0.49947916666666664,0.5638888888888889,0.58125,0.799074074074074]","[0.474,0.555,0.571,0.764]","accept",""
"rgbdt500_045_00000109::target::infrared","rgbdt500_045_00000109","target","large long-legged bird standing in the near foreground by the pond","infrared","F:\AIC\data\external\RGBDT500\supplement_object_trial_v2\pilot\045\color\00000109.png","F:\AIC\data\external\RGBDT500\supplement_object_trial_v2\pilot\045\infrared\00000109.png","[0.31197916666666664,0.6685185185185185,0.3546875,0.9981481481481481]","[0.3,0.65,0.37,0.998]","accept",""
"rgbdt500_222_00000192::target::depth","rgbdt500_222_00000192","target","dark seated animal","depth","F:\AIC\data\external\RGBDT500\supplement_pilot_v1\pilot\222\color\00000192.png","F:\AIC\data\external\RGBDT500\supplement_pilot_v1\pilot\222\depth_visual\00000192.png","[0.37395833333333334,0.46944444444444444,0.45729166666666665,0.6370370370370371]","[0.37,0.45,0.47,0.67]","accept",""
"rgbdt500_308_00000151::target::infrared","rgbdt500_308_00000151","target","hanging light fixture","infrared","F:\AIC\data\external\RGBDT500\supplement_object_trial_v2\pilot\308\color\00000151.png","F:\AIC\data\external\RGBDT500\supplement_object_trial_v2\pilot\308\infrared\00000151.png","[0.25,0.33425925925925926,0.396875,0.5611111111111111]","[0.266,0.338,0.389,0.505]","reject","红外框不够大"
"rgbdt500_268_00000105::target::infrared","rgbdt500_268_00000105","target","foreground runner in a turquoise top and bright yellow socks","infrared","F:\AIC\data\external\RGBDT500\supplement_pilot_v1\pilot\268\color\00000105.png","F:\AIC\data\external\RGBDT500\supplement_pilot_v1\pilot\268\infrared\00000105.png","[0.246875,0.4861111111111111,0.34270833333333334,0.8240740740740741]","[0.2396,0.475,0.337,0.844]","accept",""
"rgbdt500_366_00000002::target::infrared","rgbdt500_366_00000002","target","monkey","infrared","F:\AIC\data\external\RGBDT500\pilot\366\color\00000002.png","F:\AIC\data\external\RGBDT500\pilot\366\infrared\00000002.png","[0.43020833333333336,0.3425925925925926,0.46197916666666666,0.37222222222222223]","[0.425,0.331,0.469,0.385]","accept",""
"rgbdt500_304_00000125::target::depth","rgbdt500_304_00000125","target","person seen from behind","depth","F:\AIC\data\external\RGBDT500\pilot\304\color\00000125.png","F:\AIC\data\external\RGBDT500\pilot\304\depth_visual\00000125.png","[0.4078125,0.637962962962963,0.5354166666666667,0.9990740740740741]","[0.4125,0.64,0.5297,1.0]","accept",""
"rgbdt500_214_00000186::target::infrared","rgbdt500_214_00000186","target","saddled horse standing beside the wall","infrared","F:\AIC\data\external\RGBDT500\supplement_object_trial_v2\pilot\214\color\00000186.png","F:\AIC\data\external\RGBDT500\supplement_object_trial_v2\pilot\214\infrared\00000186.png","[0.16666666666666666,0.42592592592592593,0.3416666666666667,0.675]","[0.172,0.414,0.35,0.684]","accept",""
"rgbdt500_229_00000082::target::infrared","rgbdt500_229_00000082","target","person","infrared","F:\AIC\data\external\RGBDT500\supplement_object_trial_v2\pilot\229\color\00000082.png","F:\AIC\data\external\RGBDT500\supplement_object_trial_v2\pilot\229\infrared\00000082.png","[0.775,0.5601851851851852,0.8203125,0.6759259259259259]","[0.78,0.53,0.83,0.7]","reject","框都没有问题，描述有问题，这是鹦鹉"
"rgbdt500_387_00000310::target::infrared","rgbdt500_387_00000310","target","large cat","infrared","F:\AIC\data\external\RGBDT500\supplement_object_trial_v2\pilot\387\color\00000310.png","F:\AIC\data\external\RGBDT500\supplement_object_trial_v2\pilot\387\infrared\00000310.png","[0.109375,0.32037037037037036,0.2421875,0.4546296296296296]","[0.1083,0.3194,0.2448,0.4593]","accept",""
"rgbdt500_372_00000091::target::infrared","rgbdt500_372_00000091","target","monkey","infrared","F:\AIC\data\external\RGBDT500\supplement_object_trial_v2\pilot\372\color\00000091.png","F:\AIC\data\external\RGBDT500\supplement_object_trial_v2\pilot\372\infrared\00000091.png","[0.5026041666666666,0.5083333333333333,0.5338541666666666,0.5777777777777777]","[0.497,0.499,0.542,0.579]","accept",""
"rgbdt500_222_00000192::target::infrared","rgbdt500_222_00000192","target","dark seated animal","infrared","F:\AIC\data\external\RGBDT500\supplement_pilot_v1\pilot\222\color\00000192.png","F:\AIC\data\external\RGBDT500\supplement_pilot_v1\pilot\222\infrared\00000192.png","[0.37395833333333334,0.46944444444444444,0.45729166666666665,0.6370370370370371]","[0.37,0.46,0.47,0.66]","accept",""
"rgbdt500_118_00000077::target::depth","rgbdt500_118_00000077","target","spotted deer beside the right-side railing","depth","F:\AIC\data\external\RGBDT500\supplement_object_trial_v2\pilot\118\color\00000077.png","F:\AIC\data\external\RGBDT500\supplement_object_trial_v2\pilot\118\depth_visual\00000077.png","[0.7020833333333333,0.287962962962963,0.8432291666666667,0.5694444444444444]","[0.7,0.29,0.85,0.58]","accept",""
"rgbdt500_023_00000001::target::infrared","rgbdt500_023_00000001","target","quadcopter drone","infrared","F:\AIC\data\external\RGBDT500\pilot\023\color\00000001.png","F:\AIC\data\external\RGBDT500\pilot\023\infrared\00000001.png","[0.33489583333333334,0.5435185185185185,0.39791666666666664,0.6268518518518519]","[0.33,0.54,0.405,0.635]","accept",""
"rgbdt500_355_00000254::target::infrared","rgbdt500_355_00000254","target","deer","infrared","F:\AIC\data\external\RGBDT500\supplement_object_trial_v2\pilot\355\color\00000254.png","F:\AIC\data\external\RGBDT500\supplement_object_trial_v2\pilot\355\infrared\00000254.png","[0.615625,0.2564814814814815,0.7119791666666667,0.5861111111111111]","[0.6151,0.2602,0.7156,0.5852]","accept",""
"rgbdt500_301_00000201::target::depth","rgbdt500_301_00000201","target","person in a brown coat at the left of the walking group","depth","F:\AIC\data\external\RGBDT500\supplement_object_trial_v2\pilot\301\color\00000201.png","F:\AIC\data\external\RGBDT500\supplement_object_trial_v2\pilot\301\depth_visual\00000201.png","[0.5114583333333333,0.46944444444444444,0.55,0.6555555555555556]","[0.518,0.482,0.55,0.638]","accept",""
"rgbdt500_245_00000195::target::infrared","rgbdt500_245_00000195","target","large park information sign in a wooden frame","infrared","F:\AIC\data\external\RGBDT500\supplement_object_trial_v2\pilot\245\color\00000195.png","F:\AIC\data\external\RGBDT500\supplement_object_trial_v2\pilot\245\infrared\00000195.png","[0.4786458333333333,0.3333333333333333,0.7708333333333334,0.7685185185185185]","[0.505,0.34,0.785,0.775]","accept",""
"rgbdt500_098_00000303::target::infrared","rgbdt500_098_00000303","target","striped vendor cart standing in the park","infrared","F:\AIC\data\external\RGBDT500\pilot\098\color\00000303.png","F:\AIC\data\external\RGBDT500\pilot\098\infrared\00000303.png","[0.409375,0.42962962962962964,0.6833333333333333,0.9314814814814815]","[0.394,0.405,0.682,0.938]","accept",""
"rgbdt500_014_00000152::target::depth","rgbdt500_014_00000152","target","person bending beside the riverside railing","depth","F:\AIC\data\external\RGBDT500\supplement_object_trial_v2\pilot\014\color\00000152.png","F:\AIC\data\external\RGBDT500\supplement_object_trial_v2\pilot\014\depth_visual\00000152.png","[0.2296875,0.5083333333333333,0.278125,0.6601851851851852]","[0.225,0.506,0.281,0.674]","accept",""
"rgbdt500_385_00000104::target::infrared","rgbdt500_385_00000104","target","tiger standing beside the rocks along the enclosure wall","infrared","F:\AIC\data\external\RGBDT500\supplement_object_trial_v2\pilot\385\color\00000104.png","F:\AIC\data\external\RGBDT500\supplement_object_trial_v2\pilot\385\infrared\00000104.png","[0.35885416666666664,0.4759259259259259,0.4859375,0.5981481481481481]","[0.365,0.48,0.495,0.62]","accept",""
"rgbdt500_078_00000176::target::infrared","rgbdt500_078_00000176","target","large shaggy horned bovine close in the foreground","infrared","F:\AIC\data\external\RGBDT500\supplement_object_trial_v2\pilot\078\color\00000176.png","F:\AIC\data\external\RGBDT500\supplement_object_trial_v2\pilot\078\infrared\00000176.png","[0.2796875,0.41759259259259257,0.553125,0.9972222222222222]","[0.292,0.43,0.565,1.0]","accept",""
"rgbdt500_353_00000566::target::infrared","rgbdt500_353_00000566","target","two-humped camel behind the center-right fence","infrared","F:\AIC\data\external\RGBDT500\supplement_object_trial_v2\pilot\353\color\00000566.png","F:\AIC\data\external\RGBDT500\supplement_object_trial_v2\pilot\353\infrared\00000566.png","[0.6421875,0.4444444444444444,0.803125,0.7240740740740741]","[0.635,0.426,0.807,0.731]","accept",""
"rgbdt500_363_00000269::target::depth","rgbdt500_363_00000269","target","barred window in the left section of the brick wall","depth","F:\AIC\data\external\RGBDT500\supplement_object_trial_v2\pilot\363\color\00000269.png","F:\AIC\data\external\RGBDT500\supplement_object_trial_v2\pilot\363\depth_visual\00000269.png","[0.19375,0.1527777777777778,0.296875,0.3148148148148148]","[0.197,0.156,0.3,0.32]","accept",""
"rgbdt500_310_00000337::target::depth","rgbdt500_310_00000337","target","red umbrella canopy over the outdoor seating area","depth","F:\AIC\data\external\RGBDT500\pilot\310\color\00000337.png","F:\AIC\data\external\RGBDT500\pilot\310\depth_visual\00000337.png","[0.3770833333333333,0.3990740740740741,0.6911458333333333,0.49537037037037035]","[0.369,0.389,0.707,0.516]","accept",""
"rgbdt500_269_00000103::target::infrared","rgbdt500_269_00000103","target","foreground runner in a blue shirt and white cap near the center of the road","infrared","F:\AIC\data\external\RGBDT500\supplement_object_trial_v2\pilot\269\color\00000103.png","F:\AIC\data\external\RGBDT500\supplement_object_trial_v2\pilot\269\infrared\00000103.png","[0.45,0.42407407407407405,0.5713541666666667,0.8425925925925926]","[0.451,0.417,0.576,0.855]","accept",""
"rgbdt500_014_00000152::target::infrared","rgbdt500_014_00000152","target","person bending beside the riverside railing","infrared","F:\AIC\data\external\RGBDT500\supplement_object_trial_v2\pilot\014\color\00000152.png","F:\AIC\data\external\RGBDT500\supplement_object_trial_v2\pilot\014\infrared\00000152.png","[0.2296875,0.5083333333333333,0.278125,0.6601851851851852]","[0.224,0.495,0.286,0.669]","accept",""
"rgbdt500_079_00000148::target::infrared","rgbdt500_079_00000148","target","shaggy horned animal","infrared","F:\AIC\data\external\RGBDT500\supplement_pilot_v1\pilot\079\color\00000148.png","F:\AIC\data\external\RGBDT500\supplement_pilot_v1\pilot\079\infrared\00000148.png","[0.4083333333333333,0.41759259259259257,0.534375,0.6842592592592592]","[0.42,0.442,0.532,0.683]","accept",""
"rgbdt500_093_00000114::target::infrared","rgbdt500_093_00000114","target","large white swan gliding alone on the pond","infrared","F:\AIC\data\external\RGBDT500\pilot\093\color\00000114.png","F:\AIC\data\external\RGBDT500\pilot\093\infrared\00000114.png","[0.4197916666666667,0.6259259259259259,0.5765625,0.7592592592592593]","[0.42,0.63,0.58,0.77]","accept",""
"rgbdt500_211_00000184::target::infrared","rgbdt500_211_00000184","target","large bird","infrared","F:\AIC\data\external\RGBDT500\supplement_pilot_v1\pilot\211\color\00000184.png","F:\AIC\data\external\RGBDT500\supplement_pilot_v1\pilot\211\infrared\00000184.png","[0.1921875,0.475,0.24583333333333332,0.5416666666666666]","[0.188,0.469,0.247,0.541]","accept",""
"rgbdt500_076_00000093::target::infrared","rgbdt500_076_00000093","target","white animal standing rear-facing behind the nearer white animal","infrared","F:\AIC\data\external\RGBDT500\pilot\076\color\00000093.png","F:\AIC\data\external\RGBDT500\pilot\076\infrared\00000093.png","[0.3890625,0.5981481481481481,0.4421875,0.85]","[0.383,0.585,0.449,0.855]","accept",""
"rgbdt500_056_00000227::target::infrared","rgbdt500_056_00000227","target","large long-billed bird standing low in vegetation","infrared","F:\AIC\data\external\RGBDT500\supplement_object_trial_v2\pilot\056\color\00000227.png","F:\AIC\data\external\RGBDT500\supplement_object_trial_v2\pilot\056\infrared\00000227.png","[0.39114583333333336,0.5324074074074074,0.4973958333333333,0.7148148148148148]","[0.386,0.431,0.506,0.72]","accept",""