"case_id","bundle_id","category","object_id","modality","query","decision","note"
"rgbdt500_043_00000175::q01","rgbdt500_043_00000175","natural_query","target","rgb_output","Where is the dark brown bear walking across the grass in the enclosure?","correct_unique",""
"rgbdt500_099_00000276::q01","rgbdt500_099_00000276","natural_query","target","rgb_output","The covered pedal boat carrying passengers on the left side of the lake.","correct_unique",""
"rgbdt500_224_00000236::q01","rgbdt500_224_00000236","natural_query","target","rgb_output","Where is the seated bear beside the pond edge?","correct_unique",""
"rgbdt500_225_00000176::q01","rgbdt500_225_00000176","natural_query","target","rgb_output","The small deer standing near the center of the enclosure behind the other animals.","correct_unique",""
"rgbdt500_289_00000329::q01","rgbdt500_289_00000329","natural_query","target","rgb_output","Which person is seated near the left side of the frame?","correct_unique",""
"rgbdt500_372_00000091::q01","rgbdt500_372_00000091","natural_query","target","rgb_output","The monkey perched partway down the slanted metal slide.","correct_unique",""
"rgbdt500_032_00000191::q01","rgbdt500_032_00000191","natural_query","target","rgb_output","Where is the person standing beside the pair of waste-sorting bins?","correct_unique",""
"rgbdt500_385_00000104::q01","rgbdt500_385_00000104","natural_query","target","rgb_output","Where is the tiger standing beside the rocks at the enclosure wall?","correct_unique",""
"rgbdt500_079_00000148::q01","rgbdt500_079_00000148","natural_query","target","rgb_output","Locate the shaggy horned animal standing on the paved terrace.","correct_unique",""
"rgbdt500_269_00000103::q01","rgbdt500_269_00000103","natural_query","target","rgb_output","Where is the large foreground runner near the center of the roadway?","correct_unique",""
"rgbdt500_282_00000371::q01","rgbdt500_282_00000371","natural_query","target","rgb_output","Where is the shorter child standing beside a taller adult?","correct_unique",""
"rgbdt500_255_00000304::q01","rgbdt500_255_00000304","natural_query","target","rgb_output","Where is the round 20 speed limit sign beneath the trees?","correct_unique",""
"rgbdt500_154_00000237::q01","rgbdt500_154_00000237","natural_query","target","rgb_output","Where is the peacock walking on the grass beside the stepping stones?","correct_unique",""
"rgbdt500_350_00000595::q01","rgbdt500_350_00000595","natural_query","target","rgb_output","The tiger walking across the grassy slope.","correct_unique",""
"rgbdt500_262_00000258::q01","rgbdt500_262_00000258","natural_query","target","rgb_output","Where is the large rounded stone lying on the ground?","correct_unique",""
"rgbdt500_246_00000272::q01","rgbdt500_246_00000272","natural_query","target","rgb_output","Where is the tall utility cabinet beside the curb?","correct_unique",""
"rgbdt500_330_00000099::q01","rgbdt500_330_00000099","natural_query","target","rgb_output","Where is the black swan swimming in the lower part of the pond?","correct_unique",""
"rgbdt500_348_00000247::q01","rgbdt500_348_00000247","natural_query","target","rgb_output","Locate the bear crouched beside the curved stone path in the enclosure.","correct_unique",""
"rgbdt500_346_00000131::q01","rgbdt500_346_00000131","natural_query","reference1","rgb_output","Which group of animals is gathered beside the brick path in front of the wooden railing?","correct_unique",""
"rgbdt500_219_00000220::q01","rgbdt500_219_00000220","natural_query","reference1","rgb_output","Locate the upright climbing frame with parallel bars on the right side of the scene.","correct_unique",""
"rgbdt500_341_00000099::q01","rgbdt500_341_00000099","natural_query","target","rgb_output","Where is the pedestrian walking along the sidewalk beside the trees?","correct_unique",""
"rgbdt500_355_00000254::q01","rgbdt500_355_00000254","natural_query","target","rgb_output","Which animal stands near the center of the brick courtyard?","correct_unique",""
"rgbdt500_268_00000105::q01","rgbdt500_268_00000105","natural_query","target","rgb_output","Where is the foreground runner at the left side of the pack?","correct_unique",""
"rgbdt500_159_00000186::q01","rgbdt500_159_00000186","natural_query","target","rgb_output","The shaggy yak lowering its head on the paved area.","correct_unique",""
"rgbdt500_083_00000299::q01","rgbdt500_083_00000299","natural_query","target","rgb_output","The upright fire hydrant standing near the center of the paved walkway.","correct_unique",""
"rgbdt500_005_00000198::q01","rgbdt500_005_00000198","natural_query","target","rgb_output","Where is the person in dark clothing standing beside an upright skateboard on the plaza?","correct_unique",""
"rgbdt500_275_00000133::q01","rgbdt500_275_00000133","natural_query","target","rgb_output","The person walking on the right among the two central pedestrians.","correct_unique",""
"rgbdt500_023_00000001::q01","rgbdt500_023_00000001","natural_query","target","rgb_output","The quadcopter drone hovering in the open sky.","correct_unique",""
"rgbdt500_042_00000175::q01","rgbdt500_042_00000175","natural_query","target","rgb_output","Where is the bear walking beside the enclosure fence?","correct_unique",""
"rgbdt500_093_00000114::q01","rgbdt500_093_00000114","natural_query","target","rgb_output","Where is the large white swan gliding alone on the pond?","correct_unique",""
"rgbdt500_027_00000301::q01","rgbdt500_027_00000301","natural_query","target","rgb_output","Where is the large shaggy animal standing beside the railing?","correct_unique",""
"rgbdt500_211_00000184::q01","rgbdt500_211_00000184","natural_query","target","rgb_output","The leftmost of the three large birds standing by the back fence.","correct_unique",""
"rgbdt500_006_00000129::q01","rgbdt500_006_00000129","natural_query","target","rgb_output","The large person standing on the right side of the image.","correct_unique",""
"rgbdt500_307_00000179::q01","rgbdt500_307_00000179","natural_query","target","rgb_output","Which person walks to the right of the two people climbing the stone steps?","correct_unique",""
"rgbdt500_353_00000566::q01","rgbdt500_353_00000566","natural_query","target","rgb_output","Where is the two-humped camel standing behind the fence near the center-right?","correct_unique",""
"rgbdt500_398_00000123::q01","rgbdt500_398_00000123","natural_query","target","rgb_output","The person standing just to the right of the taller foreground person.","correct_unique",""
"rgbdt500_076_00000093::q01","rgbdt500_076_00000093","natural_query","target","rgb_output","Where is the white animal facing away behind the nearer white animal?","correct_unique",""
"rgbdt500_135_00000197::q01","rgbdt500_135_00000197","natural_query","target","rgb_output","Where is the large long-necked bird gliding on the pond in front of the clustered birds?","correct_unique",""
"rgbdt500_089_00000203::q01","rgbdt500_089_00000203","natural_query","target","rgb_output","Where is the dark bear-shaped figure in the foreground, to the left of the larger brown figure?","correct_unique",""
"rgbdt500_111_00000142::q01","rgbdt500_111_00000142","natural_query","target","rgb_output","Locate the person sitting beside the blue sign at the edge of the path.","correct_unique",""
"rgbdt500_114_00000159::q01","rgbdt500_114_00000159","natural_query","target","rgb_output","Where is the pedestrian by the railing who stands to the left of the other two people on the walkway?","correct_unique",""
"rgbdt500_131_00000139::q01","rgbdt500_131_00000139","natural_query","target","rgb_output","Where is the covered passenger boat carrying people on the pond?","correct_unique",""
"rgbdt500_392_00000067::rgbdt500_392_00000067_objectq01","rgbdt500_392_00000067","natural_query","target","rgb_output","The deer standing sideways under the shelter, with its head facing right.","correct_unique",""
"rgbdt500_020_00000129::q01","rgbdt500_020_00000129","natural_query","target","rgb_output","Locate the small dark object projecting from the building’s outer edge against the sky.","correct_unique",""
"rgbdt500_110_00000078::q01","rgbdt500_110_00000078","natural_query","target","rgb_output","Where is the person sitting on the bank beside the water?","correct_unique",""
"rgbdt500_024_00000303::q01","rgbdt500_024_00000303","natural_query","target","rgb_output","Which small flying device is near the curved streetlight?","correct_unique",""
"rgbdt500_370_00000080::q01","rgbdt500_370_00000080","natural_query","target","rgb_output","The small animal walking alone across the paved ground.","correct_unique",""
"rgbdt500_241_00000278::q01","rgbdt500_241_00000278","natural_query","target","rgb_output","Locate the upright bollard beside the grassy verge.","correct_unique",""
"rgbdt500_096_00000213::q01","rgbdt500_096_00000213","natural_query","target","rgb_output","The zebra standing beneath the shelter near the middle of the image.","correct_unique",""
"rgbdt500_321_00000079::q01","rgbdt500_321_00000079","natural_query","target","rgb_output","Where is the white cockatoo perched inside the enclosure?","correct_unique",""
"rgbdt500_214_00000186::q01","rgbdt500_214_00000186","natural_query","target","rgb_output","Where is the saddled horse standing beside the wall?","correct_unique",""
"rgbdt500_048_00000109::q01","rgbdt500_048_00000109","natural_query","target","rgb_output","Where is the elephant on the left side of the scene?","correct_unique",""
"rgbdt500_098_00000303::q01","rgbdt500_098_00000303","natural_query","target","rgb_output","Where is the striped vendor cart standing in the park?","correct_unique",""
"rgbdt500_013_00000160::q01","rgbdt500_013_00000160","natural_query","target","rgb_output","The red dustpan and broom being used together by the cleaner in gray.","correct_unique",""
"rgbdt500_119_00000202::q01","rgbdt500_119_00000202","natural_query","target","rgb_output","The large deer standing on the left in the foreground.","correct_unique",""
"rgbdt500_118_00000077::q01","rgbdt500_118_00000077","natural_query","target","rgb_output","Where is the spotted deer standing beside the railing on the right side of the enclosure?","correct_unique",""
"rgbdt500_215_00000137::q01","rgbdt500_215_00000137","natural_query","target","rgb_output","The horse standing beside the wooden wall.","correct_unique",""
"rgbdt500_156_00000312::q01","rgbdt500_156_00000312","natural_query","target","rgb_output","The antlered deer facing the camera in the middle of the courtyard.","correct_unique",""
"rgbdt500_014_00000152::q01","rgbdt500_014_00000152","natural_query","target","rgb_output","Where is the person bending over next to the riverside railing?","correct_unique",""
"rgbdt500_072_00000064::q01","rgbdt500_072_00000064","natural_query","target","rgb_output","Where is the covered boat carrying passengers on the lake?","correct_unique",""
"rgbdt500_310_00000337::q01","rgbdt500_310_00000337","natural_query","target","rgb_output","Where is the umbrella canopy over the outdoor seating area?","correct_unique",""
"rgbdt500_259_00000203::q01","rgbdt500_259_00000203","natural_query","target","rgb_output","Which large rounded boulder sits on the right side of the frame?","correct_unique",""
"rgbdt500_092_00000127::q01","rgbdt500_092_00000127","natural_query","target","rgb_output","The large bird perched on the branch on the right.","correct_unique",""
"rgbdt500_087_00000167::q01","rgbdt500_087_00000167","natural_query","target","rgb_output","Locate the dark bear standing beside the large rock in the enclosure.","uncertain","只框中了熊的右半边"
"rgbdt500_158_00000237::q01","rgbdt500_158_00000237","natural_query","target","rgb_output","Which animal stands in front of the metal railing?","correct_unique",""
"rgbdt500_017_00000199::q01","rgbdt500_017_00000199","natural_query","target","rgb_output","Where is the red long-eared cartoon figure visible above the gray wall?","correct_unique",""
"rgbdt500_078_00000176::q01","rgbdt500_078_00000176","natural_query","target","rgb_output","Where is the large shaggy horned animal close in the foreground?","correct_unique",""
"rgbdt500_391_00000108::q01","rgbdt500_391_00000108","natural_query","target","rgb_output","Where is the small animal sitting upright on the bare ground?","correct_unique",""
"rgbdt500_145_00000001::q01","rgbdt500_145_00000001","natural_query","target","rgb_output","The flamingo at the far right with its neck lowered.","correct_unique",""
"rgbdt500_388_00000347::q01","rgbdt500_388_00000347","natural_query","target","rgb_output","Where is the large horned animal in the foreground on the paved path?","correct_unique",""
"rgbdt500_097_00000201::q01","rgbdt500_097_00000201","natural_query","target","rgb_output","The large animal in the foreground.","correct_unique",""
"rgbdt500_216_00000044::q01","rgbdt500_216_00000044","natural_query","target","rgb_output","The large bird in the foreground walking across the grass.","correct_unique",""
"rgbdt500_217_00000238::q01","rgbdt500_217_00000238","natural_query","reference1","rgb_output","Find the tall frame with several horizontal bars near the center-right of the scene.","correct_unique",""
"rgbdt500_090_00000122::q01","rgbdt500_090_00000122","natural_query","target","rgb_output","Locate the parrot perched upright on the lower foreground branch.","correct_unique",""
"rgbdt500_045_00000109::q01","rgbdt500_045_00000109","natural_query","target","rgb_output","Where is the large long-legged bird standing in the near foreground by the pond?","correct_unique",""
"rgbdt500_301_00000201::q01","rgbdt500_301_00000201","natural_query","target","rgb_output","Locate the person in a brown coat walking at the left edge of the group.","correct_unique",""
"rgbdt500_265_00000168::q01","rgbdt500_265_00000168","natural_query","target","rgb_output","Where is the large foreground boulder beside the curved path, in front of the other rocks?","correct_unique",""
"rgbdt500_366_00000002::q01","rgbdt500_366_00000002","natural_query","target","rgb_output","The small monkey on the upper walkway above the concrete wall.","correct_unique",""
"rgbdt500_369_00000009::q01","rgbdt500_369_00000009","natural_query","target","rgb_output","The small animal on the pavement near the middle of the frame.","correct_unique",""
"rgbdt500_229_00000082::q01","rgbdt500_229_00000082","natural_query","target","rgb_output","The partly visible person standing by the doorway on the right.","wrong","这个query本身就有问题啊，这张图没有人，只有鹦鹉，框里标定的是右侧的鹦鹉"
"rgbdt500_308_00000151::q01","rgbdt500_308_00000151","natural_query","target","rgb_output","The round hanging fixture beneath the roof structure.","correct_unique",""
"rgbdt500_288_00000125::q01","rgbdt500_288_00000125","natural_query","target","rgb_output","Where is the small animal standing in the grass?","correct_unique",""
"rgbdt500_323_00000118::q01","rgbdt500_323_00000118","natural_query","target","rgb_output","The bird perched on the branch just right of the center.","correct_unique",""
"rgbdt500_018_00000064::q01","rgbdt500_018_00000064","natural_query","target","rgb_output","Where is the red cartoon mascot statue with large round ears and crossed eyes, standing beside the dark display screen?","correct_unique",""
"rgbdt500_240_00000001::q01","rgbdt500_240_00000001","natural_query","target","rgb_output","Where is the monkey sitting among the rocks?","correct_unique",""
"rgbdt500_101_00000267::q01","rgbdt500_101_00000267","natural_query","target","rgb_output","Which rectangular monitoring cabinet is mounted on the large white pole?","correct_unique",""
"rgbdt500_016_00000007::q01","rgbdt500_016_00000007","natural_query","target","rgb_output","Find the blue street sign above the roadway in front of the apartment buildings.","correct_unique",""
"rgbdt500_222_00000192::q01","rgbdt500_222_00000192","natural_query","target","rgb_output","Where is the dark animal sitting on the grass inside the enclosure?","correct_unique",""
"rgbdt500_379_00000267::q01","rgbdt500_379_00000267","natural_query","target","rgb_output","The large deer in the foreground with its head lowered toward the path.","correct_unique",""
"rgbdt500_271_00000039::q01","rgbdt500_271_00000039","natural_query","target","rgb_output","The runner in the middle of the three closely grouped foreground runners.","correct_unique",""
"rgbdt500_400_00000152::q01","rgbdt500_400_00000152","natural_query","target","rgb_output","Where is the shorter child standing beside the taller adult near the blue tent?","correct_unique",""
"rgbdt500_382_00000074::q01","rgbdt500_382_00000074","natural_query","target","rgb_output","The tiger walking behind the wire fence.","correct_unique",""
"rgbdt500_344_00000042::q01","rgbdt500_344_00000042","natural_query","target","rgb_output","Where is the white delivery truck stopped along the roadside?","correct_unique",""
"rgbdt500_364_00000322::q01","rgbdt500_364_00000322","natural_query","target","rgb_output","The large stag with branching antlers standing in front of the circular planter.","correct_unique",""
"rgbdt500_365_00000312::q01","rgbdt500_365_00000312","natural_query","target","rgb_output","Where is the larger antlered deer standing in the foreground on the left?","correct_unique",""
"rgbdt500_056_00000227::q01","rgbdt500_056_00000227","natural_query","target","rgb_output","Where is the large bird standing low in the vegetation?","correct_unique",""
"rgbdt500_064_00000334::q01","rgbdt500_064_00000334","natural_query","target","rgb_output","Where is the large shaggy animal feeding beside the fence?","correct_unique",""
"rgbdt500_294_00000245::q01","rgbdt500_294_00000245","natural_query","target","rgb_output","The upright hydrant in front of the low hedge.","correct_unique",""
"rgbdt500_062_00000175::q01","rgbdt500_062_00000175","natural_query","target","rgb_output","The large animal standing beside the fence.","correct_unique",""
"rgbdt500_107_00000163::q01","rgbdt500_107_00000163","natural_query","target","rgb_output","Locate the man standing by the water beneath the elevated walkway.","correct_unique",""