aux_id,rgb_id,source_id,query,modality,rgb_gt_box,aux_gt_box,rgb_gt_to_aux_iou,rgb_gt_to_aux_max_abs_coord_shift,m2_rgb_prediction,m2_aux_prediction,m2_rgb_prediction_to_aux_iou,m2_actual_aux_iou,m2_transfer_minus_actual_iou,m2_rgb_prediction_vs_aux_prediction_iou,m2_rgb_prediction_vs_aux_prediction_max_abs_coord_shift,gstar_rgb_prediction,gstar_aux_prediction,gstar_rgb_prediction_to_aux_iou,gstar_actual_aux_iou,gstar_transfer_minus_actual_iou,gstar_rgb_prediction_vs_aux_prediction_iou,gstar_rgb_prediction_vs_aux_prediction_max_abs_coord_shift,ustar_rgb_prediction,ustar_aux_prediction,ustar_rgb_prediction_to_aux_iou,ustar_actual_aux_iou,ustar_transfer_minus_actual_iou,ustar_rgb_prediction_vs_aux_prediction_iou,ustar_rgb_prediction_vs_aux_prediction_max_abs_coord_shift
rgbdt500_005_00000198::q01::depth,rgbdt500_005_00000198::q01::rgb,rgbdt500_005_00000198::q01,Where is the person in dark clothing standing beside an upright skateboard on the plaza?,depth,"[0.35833333333333334, 0.22314814814814815, 0.4484375, 0.5537037037037037]","[0.358, 0.222, 0.458, 0.56]",0.8811962387683535,0.00956250000000003,"[0.137, 0.25, 0.163, 0.384]","[0.135, 0.25, 0.163, 0.384]",0.0,0.0,0.0,0.9285714285714286,0.0020000000000000018,"[0.135, 0.25, 0.162, 0.384]","[0.356, 0.222, 0.447, 0.553]",0.0,0.8548256050142184,-0.8548256050142184,0.0,0.28500000000000003,"[0.135, 0.25, 0.162, 0.384]","[0.356, 0.222, 0.448, 0.554]",0.0,0.8669916434540389,-0.8669916434540389,0.0,0.28600000000000003
rgbdt500_005_00000198::q01::infrared,rgbdt500_005_00000198::q01::rgb,rgbdt500_005_00000198::q01,Where is the person in dark clothing standing beside an upright skateboard on the plaza?,infrared,"[0.35833333333333334, 0.22314814814814815, 0.4484375, 0.5537037037037037]","[0.355, 0.225, 0.455, 0.56]",0.8797248594789396,0.006562500000000027,"[0.137, 0.25, 0.163, 0.384]","[0.384, 0.234, 0.407, 0.3]",0.0,0.04531343283582079,-0.04531343283582079,0.0,0.247,"[0.135, 0.25, 0.162, 0.384]","[0.356, 0.223, 0.447, 0.553]",0.0,0.886170654949231,-0.886170654949231,0.0,0.28500000000000003,"[0.135, 0.25, 0.162, 0.384]","[0.356, 0.222, 0.447, 0.554]",0.0,0.886477363574453,-0.886477363574453,0.0,0.28500000000000003
rgbdt500_014_00000152::q01::depth,rgbdt500_014_00000152::q01::rgb,rgbdt500_014_00000152::q01,Where is the person bending over next to the riverside railing?,depth,"[0.2296875, 0.5083333333333333, 0.278125, 0.6601851851851852]","[0.225, 0.506, 0.281, 0.674]",0.7818159092340641,0.013814814814814835,"[0.227, 0.503, 0.28, 0.664]","[0.227, 0.503, 0.281, 0.664]",0.8753005121772758,0.8915360501567394,-0.016235537979463643,0.9814814814814813,0.0010000000000000009,"[0.229, 0.504, 0.28, 0.663]","[0.228, 0.504, 0.28, 0.663]",0.8419558359621447,0.8582842724978973,-0.016328436535752555,0.9807692307692308,0.0010000000000000009,"[0.228, 0.503, 0.28, 0.664]","[0.227, 0.503, 0.28, 0.664]",0.8590547887913006,0.8753005121772758,-0.016245723385975186,0.981132075471698,0.0010000000000000009
rgbdt500_014_00000152::q01::infrared,rgbdt500_014_00000152::q01::rgb,rgbdt500_014_00000152::q01,Where is the person bending over next to the riverside railing?,infrared,"[0.2296875, 0.5083333333333333, 0.278125, 0.6601851851851852]","[0.224, 0.495, 0.286, 0.669]",0.6818060876968931,0.013333333333333308,"[0.227, 0.503, 0.28, 0.664]","[0.227, 0.502, 0.282, 0.666]",0.790971449758992,0.8361142009640342,-0.045142751205042186,0.9460088691796019,0.0020000000000000018,"[0.229, 0.504, 0.28, 0.663]","[0.228, 0.503, 0.28, 0.663]",0.751668520578421,0.7712272895810167,-0.019558769002595677,0.9746394230769232,0.0010000000000000009,"[0.228, 0.503, 0.28, 0.664]","[0.227, 0.503, 0.28, 0.664]",0.7760474601408978,0.790971449758992,-0.014923989618094269,0.981132075471698,0.0010000000000000009
rgbdt500_023_00000001::q01::infrared,rgbdt500_023_00000001::q01::rgb,rgbdt500_023_00000001::q01,The quadcopter drone hovering in the open sky.,infrared,"[0.33489583333333334, 0.5435185185185185, 0.39791666666666664, 0.6268518518518519]","[0.33, 0.54, 0.405, 0.635]",0.7370857699805069,0.008148148148148127,"[0.334, 0.539, 0.402, 0.631]","[0.324, 0.536, 0.404, 0.634]",0.8602808285833448,0.86852291172431,-0.008242083140965195,0.7979591836734692,0.010000000000000009,"[0.334, 0.541, 0.401, 0.63]","[0.324, 0.536, 0.404, 0.634]",0.8369122807017542,0.86852291172431,-0.03161063102255579,0.7605867346938773,0.010000000000000009,"[0.334, 0.541, 0.401, 0.63]","[0.324, 0.534, 0.404, 0.634]",0.8369122807017542,0.8515118129514013,-0.014599532249647162,0.7453749999999997,0.010000000000000009
rgbdt500_024_00000303::q01::infrared,rgbdt500_024_00000303::q01::rgb,rgbdt500_024_00000303::q01,Which small flying device is near the curved streetlight?,infrared,"[0.225, 0.4444444444444444, 0.31875, 0.5222222222222223]","[0.225, 0.4444, 0.3214, 0.5241]",0.94905515322848,0.002650000000000041,"[0.224, 0.439, 0.323, 0.528]","[0.223, 0.438, 0.323, 0.527]",0.871987288616502,0.8632674157303367,0.00871987288616527,0.9681075675075009,0.0010000000000000009,"[0.224, 0.441, 0.322, 0.527]","[0.224, 0.44, 0.322, 0.526]",0.911613668723303,0.911613668723303,0.0,0.9770114942528734,0.0010000000000000009,"[0.224, 0.44, 0.322, 0.527]","[0.223, 0.44, 0.322, 0.527]",0.9011353506920009,0.8920329734122833,0.009102377279717633,0.9898989898989898,0.0010000000000000009
rgbdt500_027_00000301::q01::infrared,rgbdt500_027_00000301::q01::rgb,rgbdt500_027_00000301::q01,Where is the large shaggy animal standing beside the railing?,infrared,"[0.534375, 0.44722222222222224, 0.9020833333333333, 0.9175925925925926]","[0.526, 0.443, 0.911, 0.928]",0.9262771719816392,0.01040740740740742,"[0.736, 0.39, 0.784, 0.484]","[0.736, 0.39, 0.783, 0.484]",0.010397899286201124,0.010184128192119063,0.00021377109408206134,0.9791666666666666,0.0010000000000000009,"[0.738, 0.391, 0.782, 0.483]","[0.533, 0.444, 0.903, 0.924]",0.009311528836640869,0.9511313428839202,-0.9418198140472793,0.009536936175888671,0.44100000000000006,"[0.736, 0.39, 0.782, 0.484]","[0.534, 0.444, 0.904, 0.923]",0.009970237308564573,0.9491498192529119,-0.9391795819443473,0.010238490045294195,0.43900000000000006
rgbdt500_032_00000191::q01::depth,rgbdt500_032_00000191::q01::rgb,rgbdt500_032_00000191::q01,Where is the person standing beside the pair of waste-sorting bins?,depth,"[0.478125, 0.21481481481481482, 0.5447916666666667, 0.47685185185185186]","[0.471, 0.211, 0.557, 0.49]",0.7280626741047392,0.013148148148148131,"[0.472, 0.212, 0.548, 0.479]","[0.472, 0.212, 0.548, 0.478]",0.8457114278569642,0.8425439693256648,0.0031674585312994052,0.9962546816479401,0.0010000000000000009,"[0.472, 0.214, 0.547, 0.478]","[0.473, 0.214, 0.546, 0.478]",0.8252063015753939,0.80320080020005,0.02200550137534385,0.9733333333333333,0.0010000000000000009,"[0.472, 0.214, 0.547, 0.479]","[0.472, 0.214, 0.547, 0.478]",0.8283320830207551,0.8252063015753939,0.003125781445361242,0.9962264150943397,0.0010000000000000009
rgbdt500_032_00000191::q01::infrared,rgbdt500_032_00000191::q01::rgb,rgbdt500_032_00000191::q01,Where is the person standing beside the pair of waste-sorting bins?,infrared,"[0.478125, 0.21481481481481482, 0.5447916666666667, 0.47685185185185186]","[0.469, 0.207, 0.55, 0.472]",0.7869157130998676,0.00912500000000005,"[0.472, 0.212, 0.548, 0.479]","[0.472, 0.212, 0.548, 0.479]",0.8983043142246669,0.8983043142246669,0.0,1.0,0.0,"[0.472, 0.214, 0.547, 0.478]","[0.471, 0.214, 0.546, 0.478]",0.8829568788501025,0.8829568788501025,0.0,0.9736842105263158,0.0010000000000000009,"[0.472, 0.214, 0.547, 0.479]","[0.472, 0.212, 0.548, 0.478]",0.8799454297407913,0.9014187308973131,-0.021473301156521796,0.9758020797397862,0.0020000000000000018
rgbdt500_043_00000175::q01::infrared,rgbdt500_043_00000175::q01::rgb,rgbdt500_043_00000175::q01,Where is the dark brown bear walking across the grass in the enclosure?,infrared,"[0.4708333333333333, 0.3592592592592593, 0.7328125, 0.7388888888888889]","[0.48, 0.36, 0.74, 0.73]",0.9160372917395533,0.009166666666666656,"[0.469, 0.356, 0.734, 0.744]","[0.469, 0.356, 0.734, 0.744]",0.8947067783701443,0.8947067783701443,0.0,1.0,0.0,"[0.469, 0.359, 0.733, 0.743]","[0.469, 0.359, 0.734, 0.742]",0.9003905122828614,0.906137010075688,-0.005746497792826655,0.9936418400338053,0.0010000000000000009,"[0.469, 0.359, 0.734, 0.742]","[0.469, 0.359, 0.734, 0.743]",0.906137010075688,0.9038276591652238,0.0023093509104642473,0.9973958333333331,0.0010000000000000009
rgbdt500_045_00000109::q01::infrared,rgbdt500_045_00000109::q01::rgb,rgbdt500_045_00000109::q01,Where is the large long-legged bird standing in the near foreground by the pond?,infrared,"[0.31197916666666664, 0.6685185185185185, 0.3546875, 0.9981481481481481]","[0.3, 0.65, 0.37, 0.998]",0.5775020931790864,0.01851851851851849,"[0.309, 0.664, 0.359, 0.946]","[0.309, 0.663, 0.359, 0.948]",0.5788177339901475,0.5849753694581278,-0.006157635467980316,0.9894736842105263,0.0020000000000000018,"[0.31, 0.666, 0.356, 0.944]","[0.309, 0.664, 0.357, 0.944]",0.5249589490968798,0.5517241379310341,-0.026765188834154352,0.9514880952380952,0.0020000000000000018,"[0.309, 0.664, 0.357, 0.944]","[0.309, 0.664, 0.359, 0.944]",0.5517241379310341,0.5747126436781607,-0.02298850574712652,0.9599999999999999,0.0020000000000000018
rgbdt500_048_00000109::q01::infrared,rgbdt500_048_00000109::q01::rgb,rgbdt500_048_00000109::q01,Where is the elephant on the left side of the scene?,infrared,"[0.1203125, 0.4305555555555556, 0.3385416666666667, 0.8009259259259259]","[0.112, 0.421, 0.342, 0.798]",0.9180131812846904,0.009555555555555595,"[0.119, 0.426, 0.343, 0.81]","[0.119, 0.426, 0.343, 0.804]",0.924094909212432,0.9381403659557147,-0.014045456743282725,0.9843749999999999,0.006000000000000005,"[0.12, 0.428, 0.341, 0.804]","[0.119, 0.426, 0.342, 0.804]",0.9288245717660958,0.9421679084135928,-0.013343336647496984,0.985787837805775,0.0020000000000000018,"[0.119, 0.427, 0.342, 0.809]","[0.119, 0.426, 0.342, 0.804]",0.9278848849859248,0.9421679084135928,-0.014283023427667962,0.9843342036553524,0.0050000000000000044
rgbdt500_056_00000227::q01::infrared,rgbdt500_056_00000227::q01::rgb,rgbdt500_056_00000227::q01,Where is the large bird standing low in the vegetation?,infrared,"[0.39114583333333336, 0.5324074074074074, 0.4973958333333333, 0.7148148148148148]","[0.386, 0.431, 0.506, 0.72]",0.5588462236746548,0.10140740740740745,"[0.388, 0.513, 0.5, 0.719]","[0.388, 0.514, 0.5, 0.719]",0.6652825836216839,0.6620530565167243,0.0032295271049596064,0.9951456310679612,0.0010000000000000009,"[0.39, 0.516, 0.498, 0.716]","[0.391, 0.516, 0.5, 0.716]",0.6228373702422144,0.6286043829296423,-0.005767012687427853,0.9727272727272729,0.0020000000000000018,"[0.388, 0.514, 0.5, 0.716]","[0.391, 0.514, 0.5, 0.716]",0.6523644752018453,0.6348904267589388,0.017474048442906454,0.9732142857142856,0.0030000000000000027
rgbdt500_076_00000093::q01::infrared,rgbdt500_076_00000093::q01::rgb,rgbdt500_076_00000093::q01,Where is the white animal facing away behind the nearer white animal?,infrared,"[0.3890625, 0.5981481481481481, 0.4421875, 0.85]","[0.383, 0.585, 0.449, 0.855]",0.75082096687035,0.013148148148148131,"[0.386, 0.594, 0.443, 0.852]","[0.385, 0.594, 0.443, 0.852]",0.825252525252525,0.8397306397306397,-0.014478114478114645,0.9827586206896551,0.0010000000000000009,"[0.386, 0.596, 0.442, 0.852]","[0.385, 0.594, 0.442, 0.851]",0.8044893378226707,0.822053872053872,-0.0175645342312013,0.9710982658959538,0.0020000000000000018,"[0.386, 0.596, 0.442, 0.852]","[0.385, 0.594, 0.442, 0.851]",0.8044893378226707,0.822053872053872,-0.0175645342312013,0.9710982658959538,0.0020000000000000018
rgbdt500_078_00000176::q01::depth,rgbdt500_078_00000176::q01::rgb,rgbdt500_078_00000176::q01,Where is the large shaggy horned animal close in the foreground?,depth,"[0.2796875, 0.41759259259259257, 0.553125, 0.9972222222222222]","[0.303, 0.411, 0.606, 1.0]",0.7551836196343858,0.052875000000000005,"[0.278, 0.416, 0.557, 1.0]","[0.278, 0.416, 0.556, 1.0]",0.7683135906188011,0.7652887339628217,0.003024856655979402,0.9964157706093192,0.0010000000000000009,"[0.278, 0.416, 0.555, 1.0]","[0.278, 0.416, 0.555, 1.0]",0.7622638773068421,0.7622638773068421,0.0,1.0,0.0,"[0.278, 0.416, 0.556, 1.0]","[0.278, 0.416, 0.556, 1.0]",0.7652887339628217,0.7652887339628217,0.0,1.0,0.0
rgbdt500_078_00000176::q01::infrared,rgbdt500_078_00000176::q01::rgb,rgbdt500_078_00000176::q01,Where is the large shaggy horned animal close in the foreground?,infrared,"[0.2796875, 0.41759259259259257, 0.553125, 0.9972222222222222]","[0.292, 0.43, 0.565, 1.0]",0.8923366459246204,0.012407407407407423,"[0.278, 0.416, 0.557, 1.0]","[0.279, 0.416, 0.556, 1.0]",0.9018125805989402,0.9016285395870536,0.00018404101188662647,0.9928315412186379,0.0010000000000000009,"[0.278, 0.416, 0.555, 1.0]","[0.279, 0.416, 0.555, 1.0]",0.8951560895215804,0.8982886316243622,-0.003132542102781799,0.9963898916967511,0.0010000000000000009,"[0.278, 0.416, 0.556, 1.0]","[0.279, 0.416, 0.556, 1.0]",0.8984846132718746,0.9016285395870536,-0.003143926315179013,0.9964028776978415,0.0010000000000000009
rgbdt500_079_00000148::q01::depth,rgbdt500_079_00000148::q01::rgb,rgbdt500_079_00000148::q01,Locate the shaggy horned animal standing on the paved terrace.,depth,"[0.4083333333333333, 0.41759259259259257, 0.534375, 0.6842592592592592]","[0.432, 0.455, 0.535, 0.681]",0.6854853775661786,0.037407407407407445,"[0.407, 0.417, 0.537, 0.691]","[0.407, 0.417, 0.536, 0.691]",0.6535092644581696,0.6585752277485429,-0.005065963290373343,0.992307692307692,0.0010000000000000009,"[0.407, 0.419, 0.536, 0.69]","[0.407, 0.419, 0.536, 0.69]",0.665865728424726,0.665865728424726,0.0,1.0,0.0,"[0.407, 0.417, 0.536, 0.69]","[0.407, 0.417, 0.536, 0.691]",0.6609875912201494,0.6585752277485429,0.002412363471606449,0.9963503649635039,0.0010000000000000009
rgbdt500_079_00000148::q01::infrared,rgbdt500_079_00000148::q01::rgb,rgbdt500_079_00000148::q01,Locate the shaggy horned animal standing on the paved terrace.,infrared,"[0.4083333333333333, 0.41759259259259257, 0.534375, 0.6842592592592592]","[0.42, 0.442, 0.532, 0.683]",0.8030677685950415,0.024407407407407433,"[0.407, 0.417, 0.537, 0.691]","[0.407, 0.416, 0.537, 0.69]",0.7577765300393039,0.7577765300393039,0.0,0.9927272727272728,0.0010000000000000009,"[0.407, 0.419, 0.536, 0.69]","[0.407, 0.419, 0.536, 0.69]",0.7721044652306991,0.7721044652306991,0.0,1.0,0.0,"[0.407, 0.417, 0.536, 0.69]","[0.407, 0.417, 0.536, 0.69]",0.766448022261976,0.766448022261976,0.0,1.0,0.0
rgbdt500_083_00000299::q01::infrared,rgbdt500_083_00000299::q01::rgb,rgbdt500_083_00000299::q01,The upright fire hydrant standing near the center of the paved walkway.,infrared,"[0.43333333333333335, 0.48055555555555557, 0.484375, 0.662962962962963]","[0.427, 0.478, 0.494, 0.665]",0.743106240435769,0.009624999999999995,"[0.431, 0.477, 0.487, 0.666]","[0.431, 0.476, 0.486, 0.666]",0.8284154734593782,0.8102253032928942,0.018190170166483943,0.9770655136760973,0.0010000000000000009,"[0.432, 0.478, 0.485, 0.666]","[0.431, 0.478, 0.485, 0.663]",0.7877126053091716,0.7973501476574346,-0.009637542348262973,0.966105034978816,0.0030000000000000027,"[0.432, 0.478, 0.486, 0.666]","[0.431, 0.478, 0.486, 0.666]",0.8025113248033058,0.8173076923076922,-0.014796367504386398,0.9818181818181818,0.0010000000000000009
rgbdt500_092_00000127::q01::infrared,rgbdt500_092_00000127::q01::rgb,rgbdt500_092_00000127::q01,The large bird perched on the branch on the right.,infrared,"[0.6947916666666667, 0.4564814814814815, 0.7822916666666667, 0.6564814814814814]","[0.7, 0.445, 0.782, 0.67]",0.8388746803069055,0.013518518518518596,"[0.69, 0.452, 0.784, 0.672]","[0.69, 0.452, 0.784, 0.672]",0.841065211254352,0.841065211254352,0.0,1.0,0.0,"[0.692, 0.453, 0.783, 0.67]","[0.692, 0.453, 0.783, 0.67]",0.8721266480419547,0.8721266480419547,0.0,1.0,0.0,"[0.691, 0.452, 0.784, 0.673]","[0.691, 0.453, 0.784, 0.67]",0.8461210772944573,0.8539617027403177,-0.007840625445860394,0.9819004524886876,0.0030000000000000027
rgbdt500_093_00000114::q01::depth,rgbdt500_093_00000114::q01::rgb,rgbdt500_093_00000114::q01,Where is the large white swan gliding alone on the pond?,depth,"[0.4197916666666667, 0.6259259259259259, 0.5765625, 0.7592592592592593]","[0.418, 0.64, 0.579, 0.766]",0.8312305429857734,0.014074074074074128,"[0.414, 0.619, 0.579, 0.764]","[0.414, 0.619, 0.578, 0.764]",0.8233595908772215,0.8189548419053908,0.004404748971830741,0.993939393939394,0.0010000000000000009,"[0.416, 0.62, 0.577, 0.762]","[0.414, 0.619, 0.578, 0.764]",0.8167578947368418,0.8189548419053908,-0.0021969471685490127,0.9613961312026913,0.0020000000000000018,"[0.414, 0.62, 0.578, 0.764]","[0.416, 0.62, 0.578, 0.762]",0.824536613747818,0.8212031973075303,0.0033334164402876176,0.9740853658536588,0.0020000000000000018
rgbdt500_093_00000114::q01::infrared,rgbdt500_093_00000114::q01::rgb,rgbdt500_093_00000114::q01,Where is the large white swan gliding alone on the pond?,infrared,"[0.4197916666666667, 0.6259259259259259, 0.5765625, 0.7592592592592593]","[0.42, 0.63, 0.58, 0.77]",0.877372834153758,0.010740740740740717,"[0.414, 0.619, 0.579, 0.764]","[0.414, 0.619, 0.578, 0.764]",0.8515927894799952,0.8466090850927701,0.004983704387225063,0.993939393939394,0.0010000000000000009,"[0.416, 0.62, 0.577, 0.762]","[0.414, 0.619, 0.578, 0.762]",0.8445676094221206,0.8343734997599612,0.01019410966215939,0.9748422309397919,0.0020000000000000018,"[0.414, 0.62, 0.578, 0.764]","[0.414, 0.619, 0.578, 0.764]",0.852197713733698,0.8466090850927701,0.005588628640927906,0.9931034482758622,0.0010000000000000009
rgbdt500_096_00000213::q01::depth,rgbdt500_096_00000213::q01::rgb,rgbdt500_096_00000213::q01,The zebra standing beneath the shelter near the middle of the image.,depth,"[0.5427083333333333, 0.44351851851851853, 0.6453125, 0.6027777777777777]","[0.557, 0.455, 0.667, 0.611]",0.638171167686981,0.02168750000000008,"[0.54, 0.444, 0.646, 0.606]","[0.539, 0.444, 0.646, 0.606]",0.6432297898817784,0.6382806934219898,0.004949096459788582,0.9906542056074765,0.0010000000000000009,"[0.541, 0.444, 0.645, 0.604]","[0.541, 0.444, 0.645, 0.604]",0.6337973704563028,0.6337973704563028,0.0,1.0,0.0,"[0.541, 0.444, 0.646, 0.606]","[0.54, 0.444, 0.646, 0.606]",0.6482562346244751,0.6432297898817784,0.005026444742696756,0.990566037735849,0.0010000000000000009
rgbdt500_097_00000201::q01::depth,rgbdt500_097_00000201::q01::rgb,rgbdt500_097_00000201::q01,The large animal in the foreground.,depth,"[0.42291666666666666, 0.5740740740740741, 0.5442708333333334, 0.7685185185185185]","[0.414, 0.578, 0.558, 0.742]",0.7287321533642276,0.026518518518518497,"[0.419, 0.569, 0.544, 0.773]","[0.419, 0.569, 0.544, 0.773]",0.7163824433883142,0.7163824433883142,0.0,1.0,0.0,"[0.419, 0.57, 0.544, 0.77]","[0.419, 0.569, 0.543, 0.77]",0.7291222079954475,0.7210324776627428,0.008089730332704659,0.9871039643368891,0.0010000000000000009,"[0.419, 0.57, 0.544, 0.772]","[0.419, 0.569, 0.544, 0.773]",0.7226961855742791,0.7163824433883142,0.00631374218596481,0.9901960784313726,0.0010000000000000009
rgbdt500_098_00000303::q01::infrared,rgbdt500_098_00000303::q01::rgb,rgbdt500_098_00000303::q01,Where is the striped vendor cart standing in the park?,infrared,"[0.409375, 0.42962962962962964, 0.6833333333333333, 0.9314814814814815]","[0.394, 0.405, 0.682, 0.938]",0.8874267257974521,0.024629629629629612,"[0.387, 0.426, 0.686, 0.939]","[0.388, 0.426, 0.686, 0.938]",0.9248659328252895,0.9295945128101677,-0.0047285799848781895,0.9947127201131781,0.0010000000000000009,"[0.388, 0.426, 0.685, 0.938]","[0.388, 0.426, 0.685, 0.938]",0.9326047358834244,0.9326047358834244,0.0,1.0,0.0,"[0.388, 0.426, 0.686, 0.938]","[0.388, 0.426, 0.686, 0.938]",0.9295945128101677,0.9295945128101677,0.0,1.0,0.0
rgbdt500_099_00000276::q01::depth,rgbdt500_099_00000276::q01::rgb,rgbdt500_099_00000276::q01,The covered pedal boat carrying passengers on the left side of the lake.,depth,"[0.10364583333333334, 0.6027777777777777, 0.390625, 0.8638888888888889]","[0.108, 0.606, 0.395, 0.851]",0.9110299290680781,0.01288888888888895,"[0.101, 0.594, 0.396, 0.874]","[0.101, 0.596, 0.396, 0.88]",0.8512711864406778,0.8392814514203865,0.011989735020291326,0.972027972027972,0.006000000000000005,"[0.103, 0.596, 0.394, 0.874]","[0.101, 0.596, 0.394, 0.874]",0.8635372120823731,0.8576604364802507,0.005876775602122408,0.9931740614334471,0.001999999999999988,"[0.101, 0.596, 0.394, 0.875]","[0.101, 0.596, 0.394, 0.874]",0.8545955702995413,0.8576604364802507,-0.003064866180709447,0.9964157706093189,0.0010000000000000009
rgbdt500_099_00000276::q01::infrared,rgbdt500_099_00000276::q01::rgb,rgbdt500_099_00000276::q01,The covered pedal boat carrying passengers on the left side of the lake.,infrared,"[0.10364583333333334, 0.6027777777777777, 0.390625, 0.8638888888888889]","[0.098, 0.595, 0.399, 0.861]",0.9160560170238864,0.008375000000000021,"[0.101, 0.594, 0.396, 0.874]","[0.101, 0.596, 0.396, 0.874]",0.9319920186232125,0.9317528992503068,0.00023911937290566065,0.9928571428571428,0.0020000000000000018,"[0.103, 0.596, 0.394, 0.874]","[0.101, 0.596, 0.394, 0.874]",0.91968896468652,0.9257228017883757,-0.006033837101855788,0.9931740614334471,0.001999999999999988,"[0.101, 0.596, 0.394, 0.875]","[0.101, 0.596, 0.396, 0.874]",0.9225002376199981,0.9317528992503068,-0.00925266163030869,0.9896844586467077,0.0020000000000000018
rgbdt500_101_00000267::q01::infrared,rgbdt500_101_00000267::q01::rgb,rgbdt500_101_00000267::q01,Which rectangular monitoring cabinet is mounted on the large white pole?,infrared,"[0.4666666666666667, 0.4101851851851852, 0.56875, 0.6638888888888889]","[0.4609, 0.4065, 0.5781, 0.6741]",0.8257867861297238,0.01021111111111117,"[0.459, 0.408, 0.576, 0.666]","[0.459, 0.409, 0.576, 0.661]",0.9322787361409884,0.9109238503689527,0.021354885772035703,0.9767441860465116,0.0050000000000000044,"[0.459, 0.408, 0.574, 0.663]","[0.459, 0.408, 0.574, 0.658]",0.9055892476643179,0.8880975145205126,0.017491733143805366,0.9803921568627452,0.0050000000000000044,"[0.459, 0.409, 0.576, 0.666]","[0.459, 0.408, 0.576, 0.666]",0.9287206500765129,0.9322787361409884,-0.0035580860644754964,0.9961240310077519,0.0010000000000000009
rgbdt500_110_00000078::q01::infrared,rgbdt500_110_00000078::q01::rgb,rgbdt500_110_00000078::q01,Where is the person sitting on the bank beside the water?,infrared,"[0.32916666666666666, 0.30925925925925923, 0.390625, 0.47962962962962963]","[0.321, 0.31, 0.395, 0.53]",0.6385800467721717,0.0503703703703704,"[0.333, 0.309, 0.394, 0.484]","[0.331, 0.31, 0.394, 0.484]",0.649531852395814,0.6733415233415232,-0.023809670945709183,0.9628957634037921,0.0020000000000000018,"[0.333, 0.31, 0.393, 0.484]","[0.331, 0.311, 0.393, 0.483]",0.6412776412776412,0.6550368550368549,-0.01375921375921374,0.9569732937685461,0.0020000000000000018,"[0.333, 0.311, 0.393, 0.484]","[0.33, 0.311, 0.394, 0.484]",0.6375921375921374,0.68009828009828,-0.0425061425061426,0.9374999999999999,0.0030000000000000027
rgbdt500_111_00000142::q01::depth,rgbdt500_111_00000142::q01::rgb,rgbdt500_111_00000142::q01,Locate the person sitting beside the blue sign at the edge of the path.,depth,"[0.3828125, 0.6574074074074074, 0.43697916666666664, 0.7981481481481482]","[0.398, 0.667, 0.442, 0.802]",0.6048747793875092,0.01518750000000002,"[0.383, 0.651, 0.44, 0.799]","[0.383, 0.653, 0.44, 0.796]",0.6277173913043473,0.6246973365617429,0.003020054742604472,0.9662162162162161,0.0030000000000000027,"[0.384, 0.656, 0.439, 0.796]","[0.383, 0.656, 0.439, 0.796]",0.6333373248712726,0.622894829819809,0.010442495051463552,0.9821428571428571,0.0010000000000000009,"[0.383, 0.654, 0.44, 0.796]","[0.383, 0.656, 0.44, 0.796]",0.6288300835654593,0.6372618207480589,-0.008431737182599597,0.9859154929577465,0.0020000000000000018
rgbdt500_114_00000159::q01::depth,rgbdt500_114_00000159::q01::rgb,rgbdt500_114_00000159::q01,Where is the pedestrian by the railing who stands to the left of the other two people on the walkway?,depth,"[0.6484375, 0.4148148148148148, 0.6942708333333333, 0.6138888888888889]","[0.642, 0.42, 0.699, 0.628]",0.7348129720106249,0.014111111111111074,"[0.646, 0.411, 0.695, 0.616]","[0.646, 0.411, 0.695, 0.616]",0.7810034967878341,0.7810034967878341,0.0,1.0,0.0,"[0.647, 0.413, 0.694, 0.614]","[0.647, 0.411, 0.694, 0.614]",0.7482970865818627,0.7425686130792407,0.005728473502621956,0.9901477832512314,0.0020000000000000018,"[0.647, 0.411, 0.694, 0.614]","[0.647, 0.411, 0.694, 0.616]",0.7425686130792407,0.7502239596058308,-0.007655346526590057,0.9902439024390244,0.0020000000000000018
rgbdt500_118_00000077::q01::depth,rgbdt500_118_00000077::q01::rgb,rgbdt500_118_00000077::q01,Where is the spotted deer standing beside the railing on the right side of the enclosure?,depth,"[0.7020833333333333, 0.287962962962963, 0.8432291666666667, 0.5694444444444444]","[0.7, 0.29, 0.85, 0.58]",0.900768520823192,0.01055555555555554,"[0.337, 0.094, 0.426, 0.309]","[0.337, 0.094, 0.426, 0.309]",0.0,0.0,0.0,1.0,0.0,"[0.338, 0.096, 0.424, 0.306]","[0.337, 0.096, 0.424, 0.306]",0.0,0.0,0.0,0.9885057471264367,0.0010000000000000009,"[0.337, 0.094, 0.426, 0.309]","[0.336, 0.094, 0.426, 0.309]",0.0,0.0,0.0,0.9888888888888889,0.0010000000000000009
rgbdt500_118_00000077::q01::infrared,rgbdt500_118_00000077::q01::rgb,rgbdt500_118_00000077::q01,Where is the spotted deer standing beside the railing on the right side of the enclosure?,infrared,"[0.7020833333333333, 0.287962962962963, 0.8432291666666667, 0.5694444444444444]","[0.7, 0.28, 0.85, 0.57]",0.9133319142897691,0.00796296296296295,"[0.337, 0.094, 0.426, 0.309]","[0.337, 0.094, 0.426, 0.309]",0.0,0.0,0.0,1.0,0.0,"[0.338, 0.096, 0.424, 0.306]","[0.337, 0.096, 0.424, 0.306]",0.0,0.0,0.0,0.9885057471264367,0.0010000000000000009,"[0.337, 0.094, 0.426, 0.309]","[0.337, 0.094, 0.425, 0.307]",0.0,0.0,0.0,0.9795662398745756,0.0020000000000000018
rgbdt500_119_00000202::q01::depth,rgbdt500_119_00000202::q01::rgb,rgbdt500_119_00000202::q01,The large deer standing on the left in the foreground.,depth,"[0.15677083333333333, 0.42685185185185187, 0.32708333333333334, 0.7648148148148148]","[0.151, 0.407, 0.316, 0.774]",0.8369040141944839,0.0198518518518519,"[0.156, 0.423, 0.331, 0.768]","[0.156, 0.423, 0.331, 0.768]",0.8397991784573253,0.8397991784573253,0.0,1.0,0.0,"[0.156, 0.424, 0.329, 0.766]","[0.156, 0.423, 0.329, 0.766]",0.8418332025661143,0.8441258805795674,-0.00229267801345312,0.9970845481049562,0.0010000000000000009,"[0.156, 0.424, 0.331, 0.767]","[0.156, 0.424, 0.331, 0.768]",0.8353120243531202,0.837556113520505,-0.002244089167384722,0.9970930232558138,0.0010000000000000009
rgbdt500_135_00000197::q01::infrared,rgbdt500_135_00000197::q01::rgb,rgbdt500_135_00000197::q01,Where is the large long-necked bird gliding on the pond in front of the clustered birds?,infrared,"[0.3333333333333333, 0.7055555555555556, 0.46041666666666664, 0.8092592592592592]","[0.333, 0.72, 0.49, 0.81]",0.7104856684973716,0.02958333333333335,"[0.33, 0.701, 0.466, 0.814]","[0.314, 0.699, 0.466, 0.812]",0.6829073482428123,0.6190525444766241,0.06385480376618824,0.8651994497936731,0.016000000000000014,"[0.331, 0.703, 0.464, 0.812]","[0.314, 0.699, 0.464, 0.812]",0.7002435113143674,0.6111975116640747,0.0890459996502927,0.8552802359882005,0.017000000000000015,"[0.331, 0.702, 0.464, 0.812]","[0.314, 0.699, 0.466, 0.812]",0.6947554507955216,0.6190525444766241,0.07570290631889753,0.8517699115044249,0.017000000000000015
rgbdt500_154_00000237::q01::infrared,rgbdt500_154_00000237::q01::rgb,rgbdt500_154_00000237::q01,Where is the peacock walking on the grass beside the stepping stones?,infrared,"[0.24322916666666666, 0.39814814814814814, 0.5869791666666667, 0.7185185185185186]","[0.242, 0.405, 0.588, 0.722]",0.961929353734714,0.006851851851851887,"[0.244, 0.394, 0.586, 0.714]","[0.243, 0.394, 0.586, 0.714]",0.9315433165262156,0.9341765457670441,-0.0026332292408285385,0.9970845481049562,0.0010000000000000009,"[0.245, 0.394, 0.586, 0.714]","[0.244, 0.394, 0.586, 0.714]",0.9289095765782445,0.9315433165262156,-0.0026337399479711143,0.997076023391813,0.0010000000000000009,"[0.244, 0.394, 0.586, 0.714]","[0.244, 0.394, 0.586, 0.714]",0.9315433165262156,0.9315433165262156,0.0,1.0,0.0
rgbdt500_156_00000312::q01::infrared,rgbdt500_156_00000312::q01::rgb,rgbdt500_156_00000312::q01,The antlered deer facing the camera in the middle of the courtyard.,infrared,"[0.6567708333333333, 0.36203703703703705, 0.7260416666666667, 0.7157407407407408]","[0.646, 0.365, 0.727, 0.652]",0.713398860468989,0.06374074074074076,"[0.659, 0.34, 0.729, 0.719]","[0.659, 0.34, 0.73, 0.719]",0.6449225075179275,0.6369451697127938,0.007977337805133655,0.9859154929577463,0.0010000000000000009,"[0.659, 0.34, 0.728, 0.719]","[0.659, 0.34, 0.728, 0.719]",0.6531022019945117,0.6531022019945117,0.0,1.0,0.0,"[0.659, 0.34, 0.728, 0.719]","[0.659, 0.34, 0.729, 0.719]",0.6531022019945117,0.6449225075179275,0.008179694476584287,0.9857142857142858,0.0010000000000000009
rgbdt500_158_00000237::q01::infrared,rgbdt500_158_00000237::q01::rgb,rgbdt500_158_00000237::q01,Which animal stands in front of the metal railing?,infrared,"[0.48125, 0.5157407407407407, 0.6916666666666667, 0.8203703703703704]","[0.4792, 0.5185, 0.6948, 0.825]",0.9528451394563255,0.004629629629629539,"[0.478, 0.512, 0.694, 0.823]","[0.478, 0.512, 0.694, 0.823]",0.9639768433091429,0.9639768433091429,0.0,1.0,0.0,"[0.479, 0.513, 0.693, 0.822]","[0.479, 0.512, 0.693, 0.823]",0.9638913770386115,0.9639999822309884,-0.00010860519237687605,0.9935691318327973,0.0010000000000000009,"[0.478, 0.512, 0.693, 0.823]","[0.478, 0.512, 0.694, 0.823]",0.959580981747914,0.9639768433091429,-0.004395861561228953,0.9953703703703702,0.0010000000000000009
rgbdt500_159_00000186::q01::infrared,rgbdt500_159_00000186::q01::rgb,rgbdt500_159_00000186::q01,The shaggy yak lowering its head on the paved area.,infrared,"[0.25104166666666666, 0.4935185185185185, 0.396875, 0.8268518518518518]","[0.244, 0.493, 0.406, 0.835]",0.8773935295486084,0.00912500000000005,"[0.247, 0.491, 0.399, 0.836]","[0.246, 0.489, 0.4, 0.836]",0.9306122448979589,0.937586783921387,-0.006974539023428039,0.9813241513529698,0.0020000000000000018,"[0.247, 0.491, 0.399, 0.834]","[0.246, 0.489, 0.399, 0.834]",0.9304229195088676,0.9313946015424165,-0.0009716820335489151,0.9877048403902622,0.0020000000000000018,"[0.247, 0.491, 0.399, 0.834]","[0.246, 0.489, 0.399, 0.834]",0.9304229195088676,0.9313946015424165,-0.0009716820335489151,0.9877048403902622,0.0020000000000000018
rgbdt500_211_00000184::q01::infrared,rgbdt500_211_00000184::q01::rgb,rgbdt500_211_00000184::q01,The leftmost of the three large birds standing by the back fence.,infrared,"[0.1921875, 0.475, 0.24583333333333332, 0.5416666666666666]","[0.188, 0.469, 0.247, 0.541]",0.8265219773628468,0.006000000000000005,"[0.347, 0.462, 0.376, 0.531]","[0.191, 0.471, 0.231, 0.54]",0.0,0.6497175141242939,-0.6497175141242939,0.0,0.15599999999999997,"[0.191, 0.472, 0.231, 0.542]","[0.191, 0.471, 0.231, 0.54]",0.6436567164179106,0.6497175141242939,-0.006060797706383347,0.9577464788732394,0.0020000000000000018,"[0.191, 0.471, 0.231, 0.541]","[0.191, 0.47, 0.231, 0.54]",0.6591337099811678,0.6591337099811678,0.0,0.9718309859154929,0.0010000000000000009
rgbdt500_214_00000186::q01::infrared,rgbdt500_214_00000186::q01::rgb,rgbdt500_214_00000186::q01,Where is the saddled horse standing beside the wall?,infrared,"[0.16666666666666666, 0.42592592592592593, 0.3416666666666667, 0.675]","[0.172, 0.414, 0.35, 0.684]",0.855657849347325,0.011925925925925951,"[0.167, 0.419, 0.344, 0.679]","[0.168, 0.419, 0.344, 0.679]",0.9059967585089143,0.9107942973523423,-0.00479753884342804,0.9943502824858758,0.0010000000000000009,"[0.168, 0.42, 0.343, 0.676]","[0.168, 0.419, 0.343, 0.676]",0.8918588542091114,0.8952697196870928,-0.0034108654779814174,0.9961089494163425,0.0010000000000000009,"[0.166, 0.419, 0.344, 0.679]","[0.168, 0.42, 0.344, 0.676]",0.9012494961708991,0.8970744030641352,0.004175093106763894,0.9735522904062229,0.0030000000000000027
rgbdt500_215_00000137::q01::infrared,rgbdt500_215_00000137::q01::rgb,rgbdt500_215_00000137::q01,The horse standing beside the wooden wall.,infrared,"[0.36041666666666666, 0.34444444444444444, 0.5057291666666667, 0.6018518518518519]","[0.39, 0.375, 0.512, 0.62]",0.6396843990188631,0.030555555555555558,"[0.359, 0.355, 0.508, 0.605]","[0.359, 0.356, 0.507, 0.606]",0.6784999999999998,0.6779971402052025,0.0005028597947972502,0.9854002887854965,0.0010000000000000009,"[0.359, 0.356, 0.507, 0.606]","[0.359, 0.356, 0.507, 0.606]",0.6779971402052025,0.6779971402052025,0.0,1.0,0.0,"[0.359, 0.356, 0.507, 0.606]","[0.359, 0.356, 0.507, 0.606]",0.6779971402052025,0.6779971402052025,0.0,1.0,0.0
rgbdt500_216_00000044::q01::depth,rgbdt500_216_00000044::q01::rgb,rgbdt500_216_00000044::q01,The large bird in the foreground walking across the grass.,depth,"[0.7770833333333333, 0.5953703703703703, 0.8302083333333333, 0.6731481481481482]","[0.79, 0.6, 0.839, 0.688]",0.5344872021742102,0.014851851851851783,"[0.78, 0.592, 0.832, 0.679]","[0.779, 0.591, 0.833, 0.679]",0.6013048205871696,0.5994353273336864,0.0018694932534831787,0.9520202020202022,0.0010000000000000009,"[0.781, 0.592, 0.831, 0.676]","[0.78, 0.592, 0.831, 0.676]",0.5774647887323946,0.5686131386861317,0.008851650046262871,0.9803921568627453,0.0010000000000000009,"[0.781, 0.592, 0.832, 0.676]","[0.781, 0.592, 0.831, 0.676]",0.590673575129534,0.5774647887323946,0.013208786397139405,0.9803921568627453,0.0010000000000000009
rgbdt500_217_00000238::q01::infrared,rgbdt500_217_00000238::q01::rgb,rgbdt500_217_00000238::q01,Find the tall frame with several horizontal bars near the center-right of the scene.,infrared,"[0.482, 0.533, 0.696, 1.0]","[0.495, 0.552, 0.695, 1.0]",0.8965558646360742,0.019000000000000017,"[0.444, 0.523, 0.699, 1.0]","[0.444, 0.523, 0.699, 1.0]",0.7366300818021128,0.7366300818021128,0.0,1.0,0.0,"[0.444, 0.526, 0.698, 1.0]","[0.444, 0.524, 0.698, 1.0]",0.744210771121964,0.7410838351088467,0.0031269360131173096,0.995798319327731,0.0020000000000000018,"[0.497, 0.524, 0.698, 0.999]","[0.444, 0.524, 0.699, 1.0]",0.916505296730835,0.7381776239907727,0.17832767274006234,0.7865793376173997,0.05299999999999999
rgbdt500_219_00000220::q01::infrared,rgbdt500_219_00000220::q01::rgb,rgbdt500_219_00000220::q01,Locate the upright climbing frame with parallel bars on the right side of the scene.,infrared,"[0.625, 0.423, 0.849, 1.0]","[0.627, 0.425, 0.846, 1.0]",0.9742897375588015,0.0030000000000000027,"[0.543, 0.419, 0.843, 1.0]","[0.543, 0.419, 0.842, 0.999]",0.7055815935236471,0.7014522408844176,0.004129352639229533,0.9949512335054508,0.0010000000000000009,"[0.544, 0.421, 0.842, 1.0]","[0.544, 0.421, 0.841, 0.999]",0.7070669518765514,0.7029040656919691,0.004162886184582382,0.9949229752755852,0.0010000000000000009,"[0.543, 0.421, 0.842, 1.0]","[0.544, 0.42, 0.842, 0.999]",0.7047331847384294,0.7049703810758784,-0.00023719633744900825,0.9932245025054929,0.0010000000000000009
rgbdt500_222_00000192::q01::depth,rgbdt500_222_00000192::q01::rgb,rgbdt500_222_00000192::q01,Where is the dark animal sitting on the grass inside the enclosure?,depth,"[0.37395833333333334, 0.46944444444444444, 0.45729166666666665, 0.6370370370370371]","[0.37, 0.45, 0.47, 0.67]",0.6348204264870931,0.03296296296296297,"[0.37, 0.466, 0.46, 0.641]","[0.37, 0.466, 0.46, 0.641]",0.715909090909091,0.715909090909091,0.0,1.0,0.0,"[0.37, 0.467, 0.458, 0.64]","[0.37, 0.466, 0.458, 0.64]",0.6920000000000002,0.6960000000000003,-0.004000000000000115,0.9942528735632183,0.0010000000000000009,"[0.37, 0.466, 0.459, 0.64]","[0.37, 0.466, 0.459, 0.641]",0.703909090909091,0.7079545454545456,-0.004045454545454574,0.9942857142857143,0.0010000000000000009
rgbdt500_222_00000192::q01::infrared,rgbdt500_222_00000192::q01::rgb,rgbdt500_222_00000192::q01,Where is the dark animal sitting on the grass inside the enclosure?,infrared,"[0.37395833333333334, 0.46944444444444444, 0.45729166666666665, 0.6370370370370371]","[0.37, 0.46, 0.47, 0.66]",0.6983024691358025,0.022962962962962963,"[0.37, 0.466, 0.46, 0.641]","[0.369, 0.466, 0.46, 0.641]",0.7875000000000002,0.780669144981413,0.006830855018587156,0.9890109890109889,0.0010000000000000009,"[0.37, 0.467, 0.458, 0.64]","[0.37, 0.466, 0.458, 0.639]",0.7612000000000003,0.7612000000000003,0.0,0.9885057471264366,0.0010000000000000009,"[0.37, 0.466, 0.459, 0.64]","[0.37, 0.466, 0.459, 0.64]",0.7743000000000001,0.7743000000000001,0.0,1.0,0.0
rgbdt500_224_00000236::q01::infrared,rgbdt500_224_00000236::q01::rgb,rgbdt500_224_00000236::q01,Where is the seated bear beside the pond edge?,infrared,"[0.36041666666666666, 0.3972222222222222, 0.46197916666666666, 0.6092592592592593]","[0.365, 0.384, 0.472, 0.635]",0.738916095669926,0.02574074074074073,"[0.359, 0.396, 0.466, 0.64]","[0.359, 0.394, 0.466, 0.641]",0.8374037327412756,0.8409397132492664,-0.0035359805079908657,0.987854251012146,0.0020000000000000018,"[0.359, 0.396, 0.465, 0.64]","[0.359, 0.396, 0.465, 0.64]",0.8292564449533331,0.8292564449533331,0.0,1.0,0.0,"[0.359, 0.396, 0.465, 0.64]","[0.359, 0.396, 0.466, 0.641]",0.8292564449533331,0.8343068468530745,-0.005050401899741486,0.9866107190539768,0.0010000000000000009
rgbdt500_241_00000278::q01::infrared,rgbdt500_241_00000278::q01::rgb,rgbdt500_241_00000278::q01,Locate the upright bollard beside the grassy verge.,infrared,"[0.675, 0.3712962962962963, 0.6989583333333333, 0.4824074074074074]","[0.675, 0.371, 0.698, 0.481]",0.9454197255027108,0.0014074074074074128,"[0.674, 0.366, 0.701, 0.484]","[0.674, 0.366, 0.701, 0.484]",0.7940991839296917,0.7940991839296917,0.0,1.0,0.0,"[0.675, 0.368, 0.7, 0.483]","[0.674, 0.368, 0.7, 0.483]",0.8799999999999997,0.8461538461538455,0.03384615384615419,0.9615384615384612,0.0010000000000000009,"[0.674, 0.366, 0.7, 0.483]","[0.674, 0.366, 0.7, 0.483]",0.8316896778435233,0.8316896778435233,0.0,1.0,0.0
rgbdt500_246_00000272::q01::depth,rgbdt500_246_00000272::q01::rgb,rgbdt500_246_00000272::q01,Where is the tall utility cabinet beside the curb?,depth,"[0.31354166666666666, 0.17314814814814813, 0.5161458333333333, 0.6851851851851852]","[0.317, 0.173, 0.515, 0.692]",0.9644578752032787,0.006814814814814718,"[0.309, 0.169, 0.521, 0.694]","[0.307, 0.168, 0.522, 0.694]",0.9232884097035041,0.9086745070297992,0.014613902673704882,0.9841718984879301,0.0020000000000000018,"[0.309, 0.171, 0.519, 0.694]","[0.308, 0.17, 0.52, 0.694]",0.9356459983611034,0.925050410485381,0.010595587875722456,0.988675644534063,0.0010000000000000009,"[0.309, 0.171, 0.52, 0.694]","[0.309, 0.17, 0.52, 0.694]",0.9312116571366432,0.929434535653558,0.0017771214830851756,0.9980916030534353,0.0010000000000000009
rgbdt500_255_00000304::q01::depth,rgbdt500_255_00000304::q01::rgb,rgbdt500_255_00000304::q01,Where is the round 20 speed limit sign beneath the trees?,depth,"[0.36614583333333334, 0.14629629629629629, 0.48802083333333335, 0.3648148148148148]","[0.36, 0.16, 0.48, 0.38]",0.7848106689657585,0.01518518518518519,"[0.363, 0.141, 0.491, 0.374]","[0.363, 0.141, 0.491, 0.373]",0.8028602578079905,0.7993905372894945,0.0034697205184960334,0.9957081545064379,0.0010000000000000009,"[0.364, 0.142, 0.49, 0.372]","[0.364, 0.141, 0.49, 0.371]",0.7987527608159023,0.7920010354646647,0.006751725351237581,0.9913419913419913,0.0010000000000000009,"[0.364, 0.142, 0.491, 0.372]","[0.364, 0.141, 0.491, 0.373]",0.7928299696950156,0.7930414687379638,-0.00021149904294814892,0.9913793103448276,0.0010000000000000009
rgbdt500_259_00000203::q01::infrared,rgbdt500_259_00000203::q01::rgb,rgbdt500_259_00000203::q01,Which large rounded boulder sits on the right side of the frame?,infrared,"[0.5640625, 0.2657407407407407, 0.8729166666666667, 0.649074074074074]","[0.5729, 0.2565, 0.8818, 0.662]",0.8939710551275923,0.012925925925926007,"[0.556, 0.256, 0.88, 0.67]","[0.554, 0.256, 0.88, 0.67]",0.9233546063163487,0.91772032493723,0.0056342813791187,0.9938650306748467,0.0020000000000000018,"[0.556, 0.258, 0.879, 0.669]","[0.555, 0.256, 0.879, 0.669]",0.920481244354661,0.9197920819519312,0.0006891624027298704,0.9920859115774372,0.0020000000000000018,"[0.556, 0.258, 0.879, 0.67]","[0.555, 0.256, 0.879, 0.669]",0.9182735200828984,0.9197920819519312,-0.001518561869032764,0.9896969471055277,0.0020000000000000018
rgbdt500_265_00000168::q01::infrared,rgbdt500_265_00000168::q01::rgb,rgbdt500_265_00000168::q01,"Where is the large foreground boulder beside the curved path, in front of the other rocks?",infrared,"[0.4890625, 0.26481481481481484, 0.68125, 0.5333333333333333]","[0.488, 0.263, 0.685, 0.54]",0.9456999904300565,0.00666666666666671,"[0.488, 0.264, 0.684, 0.538]","[0.487, 0.264, 0.685, 0.536]",0.9841485092268506,0.9770791925748982,0.007069316651952429,0.9827459076832324,0.0020000000000000018,"[0.488, 0.266, 0.684, 0.536]","[0.488, 0.266, 0.684, 0.536]",0.9697813777052906,0.9697813777052906,0.0,1.0,0.0,"[0.488, 0.264, 0.684, 0.536]","[0.488, 0.264, 0.684, 0.536]",0.9769649434660705,0.9769649434660705,0.0,1.0,0.0
rgbdt500_268_00000105::q01::depth,rgbdt500_268_00000105::q01::rgb,rgbdt500_268_00000105::q01,Where is the foreground runner at the left side of the pack?,depth,"[0.246875, 0.4861111111111111, 0.34270833333333334, 0.8240740740740741]","[0.235, 0.481, 0.334, 0.842]",0.7612055088014251,0.0179259259259259,"[0.244, 0.484, 0.345, 0.826]","[0.244, 0.486, 0.345, 0.826]",0.7792207792207791,0.7750956204564453,0.004125158764333836,0.9941520467836259,0.0020000000000000018,"[0.246, 0.488, 0.344, 0.824]","[0.245, 0.488, 0.344, 0.825]",0.756234174787079,0.7669078728681381,-0.010673698081059113,0.9869616041722865,0.0010000000000000009,"[0.245, 0.488, 0.345, 0.826]","[0.244, 0.484, 0.345, 0.826]",0.7623995742200371,0.7792207792207791,-0.016821205000742023,0.9785189045220309,0.0040000000000000036
rgbdt500_268_00000105::q01::infrared,rgbdt500_268_00000105::q01::rgb,rgbdt500_268_00000105::q01,Where is the foreground runner at the left side of the pack?,infrared,"[0.246875, 0.4861111111111111, 0.34270833333333334, 0.8240740740740741]","[0.2396, 0.475, 0.337, 0.844]",0.8043060120970511,0.019925925925925903,"[0.244, 0.484, 0.345, 0.826]","[0.244, 0.484, 0.346, 0.826]",0.8223577046586313,0.8151496978364171,0.00720800682221423,0.9901960784313723,0.0010000000000000009,"[0.246, 0.488, 0.344, 0.824]","[0.244, 0.488, 0.344, 0.826]",0.7984832578618325,0.8205896634000412,-0.02210640553820875,0.9742011834319527,0.0020000000000000018,"[0.245, 0.488, 0.345, 0.826]","[0.244, 0.486, 0.345, 0.826]",0.8046661111772414,0.8178869443309214,-0.013220833153679945,0.9842748980780431,0.0020000000000000018
rgbdt500_269_00000103::q01::depth,rgbdt500_269_00000103::q01::rgb,rgbdt500_269_00000103::q01,Where is the large foreground runner near the center of the roadway?,depth,"[0.45, 0.42407407407407405, 0.5713541666666667, 0.8425925925925926]","[0.458, 0.431, 0.573, 0.849]",0.8937327193176802,0.008000000000000007,"[0.446, 0.421, 0.575, 0.844]","[0.447, 0.421, 0.574, 0.844]",0.8613216785753143,0.8747421541181668,-0.013420475542852528,0.9844961240310077,0.0010000000000000009,"[0.448, 0.423, 0.574, 0.843]","[0.447, 0.423, 0.574, 0.844]",0.8837903376235776,0.8788534843270047,0.004936853296572896,0.9897693904651466,0.0010000000000000009,"[0.447, 0.423, 0.574, 0.843]","[0.447, 0.423, 0.574, 0.843]",0.8769202295021283,0.8769202295021283,0.0,1.0,0.0
rgbdt500_269_00000103::q01::infrared,rgbdt500_269_00000103::q01::rgb,rgbdt500_269_00000103::q01,Where is the large foreground runner near the center of the roadway?,infrared,"[0.45, 0.42407407407407405, 0.5713541666666667, 0.8425925925925926]","[0.451, 0.417, 0.576, 0.855]",0.9130288230226138,0.012407407407407423,"[0.446, 0.421, 0.575, 0.844]","[0.447, 0.421, 0.575, 0.844]",0.9223951463993671,0.9293079621558414,-0.006912815756474289,0.992248062015504,0.0010000000000000009,"[0.448, 0.423, 0.574, 0.843]","[0.448, 0.423, 0.574, 0.843]",0.9223352972683451,0.9223352972683451,0.0,1.0,0.0,"[0.447, 0.423, 0.574, 0.843]","[0.448, 0.423, 0.574, 0.844]",0.9154704944178629,0.9244818167211183,-0.009011322303255409,0.9897879025923015,0.0010000000000000009
rgbdt500_271_00000039::q01::infrared,rgbdt500_271_00000039::q01::rgb,rgbdt500_271_00000039::q01,The runner in the middle of the three closely grouped foreground runners.,infrared,"[0.4713541666666667, 0.4388888888888889, 0.5130208333333334, 0.6768518518518518]","[0.478, 0.45, 0.514, 0.68]",0.7750331112617445,0.011111111111111127,"[0.478, 0.443, 0.565, 0.694]","[0.474, 0.444, 0.516, 0.671]",0.3791729633191379,0.8070602556299453,-0.4278872923108074,0.3792481864145972,0.04899999999999993,"[0.484, 0.444, 0.564, 0.692]","[0.478, 0.444, 0.564, 0.694]",0.32516493873704105,0.3851162790697681,-0.05995134033272703,0.9227906976744185,0.006000000000000005,"[0.482, 0.444, 0.564, 0.694]","[0.474, 0.444, 0.519, 0.676]",0.3436041083099912,0.768707482993197,-0.4251033746832058,0.3839685095723748,0.04499999999999993
rgbdt500_275_00000133::q01::depth,rgbdt500_275_00000133::q01::rgb,rgbdt500_275_00000133::q01,The person walking on the right among the two central pedestrians.,depth,"[0.5859375, 0.2962962962962963, 0.6734375, 0.55]","[0.588, 0.294, 0.676, 0.559]",0.9090957633231685,0.009000000000000008,"[0.584, 0.297, 0.676, 0.552]","[0.585, 0.297, 0.676, 0.552]",0.9219391947411667,0.9317002283578991,-0.009761033616732417,0.9891304347826088,0.0010000000000000009,"[0.585, 0.299, 0.675, 0.551]","[0.586, 0.299, 0.674, 0.55]",0.9106163814587138,0.9061371841155235,0.004479197343190355,0.9738977072310405,0.0010000000000000009,"[0.585, 0.299, 0.675, 0.552]","[0.585, 0.299, 0.675, 0.551]",0.9141160347190496,0.9106163814587138,0.0034996532603357444,0.9960474308300395,0.0010000000000000009
rgbdt500_282_00000371::q01::infrared,rgbdt500_282_00000371::q01::rgb,rgbdt500_282_00000371::q01,Where is the shorter child standing beside a taller adult?,infrared,"[0.41458333333333336, 0.3907407407407407, 0.4828125, 0.6777777777777778]","[0.434, 0.356, 0.497, 0.708]",0.5049134256961637,0.03474074074074074,"[0.414, 0.39, 0.484, 0.681]","[0.414, 0.39, 0.484, 0.681]",0.5197171024432061,0.5197171024432061,0.0,1.0,0.0,"[0.414, 0.39, 0.484, 0.68]","[0.414, 0.391, 0.483, 0.679]",0.5183014012010294,0.5051546391752576,0.013146762025771808,0.9789162561576352,0.0010000000000000009,"[0.414, 0.39, 0.484, 0.68]","[0.414, 0.391, 0.484, 0.68]",0.5183014012010294,0.5168836743453998,0.0014177268556295752,0.996551724137931,0.0010000000000000009
rgbdt500_288_00000125::q01::infrared,rgbdt500_288_00000125::q01::rgb,rgbdt500_288_00000125::q01,Where is the small animal standing in the grass?,infrared,"[0.4125, 0.23981481481481481, 0.43072916666666666, 0.2898148148148148]","[0.411, 0.244, 0.434, 0.294]",0.6810495351654057,0.004185185185185181,"[0.411, 0.232, 0.434, 0.294]","[0.399, 0.229, 0.44, 0.299]",0.8064516129032261,0.4006968641114988,0.4057547487917273,0.4968641114982584,0.011999999999999955,"[0.412, 0.234, 0.432, 0.292]","[0.399, 0.229, 0.436, 0.296]",0.7111111111111111,0.46389673255344976,0.24721437855766137,0.46793061718434914,0.012999999999999956,"[0.412, 0.234, 0.433, 0.292]","[0.399, 0.229, 0.436, 0.296]",0.7411764705882354,0.46389673255344976,0.27727973803478567,0.49132714804356653,0.012999999999999956
rgbdt500_301_00000201::q01::depth,rgbdt500_301_00000201::q01::rgb,rgbdt500_301_00000201::q01,Locate the person in a brown coat walking at the left edge of the group.,depth,"[0.5114583333333333, 0.46944444444444444, 0.55, 0.6555555555555556]","[0.518, 0.482, 0.55, 0.638]",0.6959399757966924,0.017555555555555546,"[0.502, 0.478, 0.548, 0.656]","[0.5, 0.478, 0.548, 0.656]",0.5505882352941177,0.5284552845528455,0.022132950741272195,0.9583333333333335,0.0020000000000000018,"[0.517, 0.468, 0.552, 0.656]","[0.504, 0.478, 0.548, 0.656]",0.758662613981763,0.574656188605108,0.18400642537665501,0.6204182595007871,0.013000000000000012,"[0.516, 0.468, 0.552, 0.656]","[0.502, 0.478, 0.548, 0.656]",0.7375886524822697,0.5505882352941177,0.18700041718815197,0.6151187904967604,0.014000000000000012
rgbdt500_307_00000179::q01::infrared,rgbdt500_307_00000179::q01::rgb,rgbdt500_307_00000179::q01,Which person walks to the right of the two people climbing the stone steps?,infrared,"[0.6109375, 0.08981481481481482, 0.775, 0.8333333333333334]","[0.6224, 0.0944, 0.7917, 0.8556]",0.8165574442916711,0.022266666666666657,"[0.609, 0.088, 0.778, 0.838]","[0.609, 0.088, 0.778, 0.838]",0.8269485480677836,0.8269485480677836,0.0,1.0,0.0,"[0.61, 0.089, 0.776, 0.836]","[0.61, 0.089, 0.777, 0.836]",0.8197105137036085,0.8250151113055595,-0.005304597601951011,0.9940119760479043,0.0010000000000000009,"[0.61, 0.089, 0.777, 0.838]","[0.61, 0.089, 0.777, 0.838]",0.8270924704446827,0.8270924704446827,0.0,1.0,0.0
rgbdt500_310_00000337::q01::depth,rgbdt500_310_00000337::q01::rgb,rgbdt500_310_00000337::q01,Where is the umbrella canopy over the outdoor seating area?,depth,"[0.3770833333333333, 0.3990740740740741, 0.6911458333333333, 0.49537037037037035]","[0.369, 0.389, 0.707, 0.516]",0.7045393364291002,0.020629629629629664,"[0.374, 0.394, 0.696, 0.5]","[0.373, 0.394, 0.696, 0.497]",0.795135815123701,0.7750314494711826,0.020104365652518386,0.9687746458302906,0.0030000000000000027,"[0.374, 0.394, 0.696, 0.497]","[0.374, 0.394, 0.696, 0.497]",0.7726319712994452,0.7726319712994452,0.0,1.0,0.0,"[0.374, 0.394, 0.696, 0.497]","[0.374, 0.394, 0.695, 0.497]",0.7726319712994452,0.7702324931277079,0.002399478171737246,0.996894409937888,0.0010000000000000009
rgbdt500_321_00000079::q01::infrared,rgbdt500_321_00000079::q01::rgb,rgbdt500_321_00000079::q01,Where is the white cockatoo perched inside the enclosure?,infrared,"[0.2015625, 0.12685185185185185, 0.27708333333333335, 0.4898148148148148]","[0.209, 0.13, 0.293, 0.491]",0.737032470117432,0.015916666666666635,"[0.199, 0.116, 0.28, 0.494]","[0.196, 0.116, 0.28, 0.494]",0.72586446149925,0.7032789134311982,0.022585548068051797,0.9642857142857142,0.0030000000000000027,"[0.199, 0.119, 0.278, 0.494]","[0.199, 0.119, 0.279, 0.494]",0.7108732876712335,0.7208877731499977,-0.010014485478764268,0.9875,0.0010000000000000009,"[0.199, 0.119, 0.279, 0.494]","[0.199, 0.119, 0.279, 0.494]",0.7208877731499977,0.7208877731499977,0.0,1.0,0.0
rgbdt500_330_00000099::q01::infrared,rgbdt500_330_00000099::q01::rgb,rgbdt500_330_00000099::q01,Where is the black swan swimming in the lower part of the pond?,infrared,"[0.30104166666666665, 0.4842592592592593, 0.5114583333333333, 0.7203703703703703]","[0.302, 0.493, 0.526, 0.728]",0.870697421492221,0.014541666666666675,"[0.299, 0.481, 0.514, 0.725]","[0.299, 0.481, 0.514, 0.725]",0.879605121968667,0.879605121968667,0.0,1.0,0.0,"[0.301, 0.483, 0.513, 0.725]","[0.299, 0.481, 0.513, 0.725]",0.8901658423043352,0.8756439610761305,0.014521881228204636,0.9825340891680712,0.0020000000000000018,"[0.3, 0.483, 0.513, 0.725]","[0.299, 0.481, 0.514, 0.725]",0.8862657059057827,0.879605121968667,0.0066605839371156605,0.9825772016774683,0.0020000000000000018
rgbdt500_341_00000099::q01::infrared,rgbdt500_341_00000099::q01::rgb,rgbdt500_341_00000099::q01,Where is the pedestrian walking along the sidewalk beside the trees?,infrared,"[0.5328125, 0.5296296296296297, 0.5682291666666667, 0.7453703703703703]","[0.531, 0.526, 0.573, 0.75]",0.8121617667128588,0.00477083333333328,"[0.527, 0.534, 0.571, 0.748]","[0.524, 0.534, 0.572, 0.748]",0.8339828526890098,0.8045112781954883,0.029471574493521557,0.9166666666666663,0.0030000000000000027,"[0.527, 0.536, 0.57, 0.747]","[0.526, 0.534, 0.57, 0.747]",0.8026726492391725,0.7931824692065309,0.00949018003264157,0.9680964575330772,0.0020000000000000018,"[0.527, 0.534, 0.57, 0.747]","[0.524, 0.534, 0.571, 0.747]",0.8096491228070173,0.7817230938618219,0.027926028945195358,0.9148936170212766,0.0030000000000000027
rgbdt500_344_00000042::q01::infrared,rgbdt500_344_00000042::q01::rgb,rgbdt500_344_00000042::q01,Where is the white delivery truck stopped along the roadside?,infrared,"[0.5947916666666667, 0.46944444444444444, 0.6875, 0.6157407407407407]","[0.592, 0.468, 0.694, 0.631]",0.8157636113598657,0.015259259259259306,"[0.592, 0.466, 0.69, 0.626]","[0.591, 0.466, 0.691, 0.626]",0.9204613006776841,0.920984455958549,-0.0005231552808649953,0.98,0.0010000000000000009,"[0.593, 0.466, 0.688, 0.625]","[0.592, 0.466, 0.69, 0.625]",0.8869529019980967,0.914635596243015,-0.027682694244918316,0.9693877551020409,0.0020000000000000018,"[0.592, 0.466, 0.688, 0.625]","[0.591, 0.466, 0.691, 0.626]",0.8961826614341777,0.920984455958549,-0.024801794524371368,0.954,0.0030000000000000027
rgbdt500_353_00000566::q01::depth,rgbdt500_353_00000566::q01::rgb,rgbdt500_353_00000566::q01,Where is the two-humped camel standing behind the fence near the center-right?,depth,"[0.6421875, 0.4444444444444444, 0.803125, 0.7240740740740741]","[0.646, 0.417, 0.802, 0.722]",0.8785501859818611,0.027444444444444438,"[0.641, 0.438, 0.806, 0.725]","[0.641, 0.439, 0.806, 0.725]",0.8750370326479823,0.87211093990755,0.002926092740432318,0.9965156794425087,0.0010000000000000009,"[0.641, 0.439, 0.804, 0.724]","[0.641, 0.439, 0.805, 0.724]",0.8849600096217453,0.8799330303755082,0.005026979246237073,0.9939024390243903,0.0010000000000000009,"[0.641, 0.439, 0.806, 0.725]","[0.641, 0.438, 0.806, 0.725]",0.87211093990755,0.8750370326479823,-0.002926092740432318,0.9965156794425087,0.0010000000000000009
rgbdt500_353_00000566::q01::infrared,rgbdt500_353_00000566::q01::rgb,rgbdt500_353_00000566::q01,Where is the two-humped camel standing behind the fence near the center-right?,infrared,"[0.6421875, 0.4444444444444444, 0.803125, 0.7240740740740741]","[0.635, 0.426, 0.807, 0.731]",0.8578515729797656,0.01844444444444443,"[0.641, 0.438, 0.806, 0.725]","[0.641, 0.438, 0.806, 0.725]",0.9026877621044606,0.9026877621044606,0.0,1.0,0.0,"[0.641, 0.439, 0.804, 0.724]","[0.641, 0.439, 0.805, 0.724]",0.8855318337781165,0.8909645444147922,-0.005432710636675719,0.9939024390243903,0.0010000000000000009,"[0.641, 0.439, 0.806, 0.725]","[0.641, 0.438, 0.806, 0.724]",0.8995425085779643,0.8995425085779643,0.0,0.9930313588850171,0.0010000000000000009
rgbdt500_355_00000254::q01::infrared,rgbdt500_355_00000254::q01::rgb,rgbdt500_355_00000254::q01,Which animal stands near the center of the brick courtyard?,infrared,"[0.615625, 0.2564814814814815, 0.7119791666666667, 0.5861111111111111]","[0.6151, 0.2602, 0.7156, 0.5852]",0.9458303643373236,0.00371851851851851,"[0.614, 0.252, 0.714, 0.589]","[0.614, 0.252, 0.714, 0.588]",0.9392898889538283,0.9420427901524034,-0.002752901198575186,0.9970326409495552,0.0010000000000000009,"[0.615, 0.252, 0.713, 0.588]","[0.615, 0.252, 0.713, 0.586]",0.9420987179107572,0.9475980581945975,-0.005499340283840359,0.994047619047619,0.0020000000000000018,"[0.615, 0.252, 0.714, 0.588]","[0.614, 0.252, 0.714, 0.588]",0.9514119109637701,0.9420427901524034,0.009369120811366649,0.9899999999999999,0.0010000000000000009
rgbdt500_364_00000322::q01::infrared,rgbdt500_364_00000322::q01::rgb,rgbdt500_364_00000322::q01,The large stag with branching antlers standing in front of the circular planter.,infrared,"[0.12135416666666667, 0.23796296296296296, 0.5833333333333334, 0.9972222222222222]","[0.118, 0.232, 0.588, 0.999]",0.9730143967281849,0.005962962962962948,"[0.129, 0.228, 0.589, 1.0]","[0.129, 0.227, 0.589, 0.999]",0.9683570939357515,0.9683570939357515,0.0,0.9974126778783958,0.0010000000000000009,"[0.129, 0.231, 0.588, 1.0]","[0.129, 0.231, 0.588, 0.999]",0.9741151275013284,0.9753538588554064,-0.0012387313540779266,0.9986996098829649,0.0010000000000000009,"[0.128, 0.229, 0.589, 1.0]","[0.129, 0.229, 0.589, 0.999]",0.9716855640717043,0.9708137889956073,0.0008717750760969256,0.9965365992274169,0.0010000000000000009
rgbdt500_365_00000312::q01::depth,rgbdt500_365_00000312::q01::rgb,rgbdt500_365_00000312::q01,Where is the larger antlered deer standing in the foreground on the left?,depth,"[0.3390625, 0.2814814814814815, 0.5723958333333333, 0.8148148148148148]","[0.343, 0.232, 0.581, 0.828]",0.8499211134885128,0.04948148148148149,"[0.337, 0.281, 0.576, 0.819]","[0.336, 0.281, 0.576, 0.819]",0.8640574595384487,0.8608650267144642,0.0031924328239845146,0.9958333333333335,0.0010000000000000009,"[0.338, 0.282, 0.574, 0.815]","[0.336, 0.283, 0.574, 0.816]",0.85198563451039,0.8457469827378947,0.006238651772495274,0.9878983397592259,0.0020000000000000018,"[0.336, 0.281, 0.574, 0.816]","[0.336, 0.281, 0.574, 0.816]",0.8488388864849269,0.8488388864849269,0.0,1.0,0.0
rgbdt500_365_00000312::q01::infrared,rgbdt500_365_00000312::q01::rgb,rgbdt500_365_00000312::q01,Where is the larger antlered deer standing in the foreground on the left?,infrared,"[0.3390625, 0.2814814814814815, 0.5723958333333333, 0.8148148148148148]","[0.352, 0.231, 0.589, 0.833]",0.7858614762221002,0.05048148148148149,"[0.337, 0.281, 0.576, 0.819]","[0.336, 0.281, 0.576, 0.819]",0.7994480709016609,0.7966050157983101,0.002843055103350811,0.9958333333333335,0.0010000000000000009,"[0.338, 0.282, 0.574, 0.815]","[0.338, 0.283, 0.574, 0.816]",0.7881254329408002,0.7881254329408002,0.0,0.9962546816479403,0.0010000000000000009,"[0.336, 0.281, 0.574, 0.816]","[0.336, 0.281, 0.575, 0.816]",0.7853392755597288,0.7888768398640514,-0.0035375643043226157,0.9958158995815899,0.0010000000000000009
rgbdt500_366_00000002::q01::infrared,rgbdt500_366_00000002::q01::rgb,rgbdt500_366_00000002::q01,The small monkey on the upper walkway above the concrete wall.,infrared,"[0.43020833333333336, 0.3425925925925926, 0.46197916666666666, 0.37222222222222223]","[0.425, 0.331, 0.469, 0.385]",0.3961944548364298,0.012777777777777777,"[0.437, 0.338, 0.464, 0.371]","[0.436, 0.338, 0.464, 0.37]",0.3750000000000002,0.3771043771043773,-0.002104377104377053,0.936078006500542,0.0010000000000000009,"[0.438, 0.34, 0.464, 0.37]","[0.437, 0.339, 0.463, 0.37]",0.32828282828282845,0.3392255892255894,-0.01094276094276092,0.8971291866028707,0.0010000000000000009,"[0.437, 0.339, 0.464, 0.37]","[0.437, 0.338, 0.464, 0.37]",0.35227272727272746,0.36363636363636387,-0.011363636363636409,0.9687499999999999,0.0010000000000000009
rgbdt500_370_00000080::q01::infrared,rgbdt500_370_00000080::q01::rgb,rgbdt500_370_00000080::q01,The small animal walking alone across the paved ground.,infrared,"[0.38125, 0.19166666666666668, 0.40572916666666664, 0.2722222222222222]","[0.378, 0.19, 0.412, 0.281]",0.637340940649764,0.008777777777777829,"[0.38, 0.186, 0.407, 0.273]","[0.379, 0.184, 0.407, 0.273]",0.699875078076202,0.71244635193133,-0.012571273855128018,0.942616372391653,0.0020000000000000018,"[0.381, 0.186, 0.407, 0.272]","[0.381, 0.186, 0.406, 0.271]",0.6666666666666662,0.6340012523481535,0.032665414318512664,0.9503577817531325,0.0010000000000000009,"[0.381, 0.186, 0.407, 0.271]","[0.38, 0.186, 0.407, 0.271]",0.6585365853658532,0.6830106183635225,-0.02447403299766926,0.9629629629629629,0.0010000000000000009
rgbdt500_372_00000091::q01::infrared,rgbdt500_372_00000091::q01::rgb,rgbdt500_372_00000091::q01,The monkey perched partway down the slanted metal slide.,infrared,"[0.5026041666666666, 0.5083333333333333, 0.5338541666666666, 0.5777777777777777]","[0.497, 0.499, 0.542, 0.579]",0.602816358024691,0.009333333333333305,"[0.499, 0.506, 0.535, 0.584]","[0.499, 0.506, 0.535, 0.584]",0.6952380952380951,0.6952380952380951,0.0,1.0,0.0,"[0.501, 0.507, 0.534, 0.583]","[0.499, 0.506, 0.534, 0.584]",0.6366559485530545,0.6768211920529801,-0.04016524349992556,0.9186813186813187,0.0020000000000000018,"[0.5, 0.506, 0.535, 0.584]","[0.499, 0.506, 0.534, 0.584]",0.6768211920529801,0.6768211920529801,0.0,0.9444444444444445,0.0010000000000000009
rgbdt500_379_00000267::q01::infrared,rgbdt500_379_00000267::q01::rgb,rgbdt500_379_00000267::q01,The large deer in the foreground with its head lowered toward the path.,infrared,"[0.46197916666666666, 0.5666666666666667, 0.6192708333333333, 0.8851851851851852]","[0.458, 0.55, 0.627, 0.889]",0.8744882903418568,0.016666666666666607,"[0.458, 0.564, 0.623, 0.894]","[0.457, 0.564, 0.623, 0.893]",0.9227235184802811,0.9201269732326702,0.002596545247610882,0.9909819456361015,0.0010000000000000009,"[0.458, 0.565, 0.621, 0.891]","[0.458, 0.564, 0.621, 0.891]",0.9166044743738829,0.9194335005293578,-0.0028290261554748675,0.9969418960244649,0.0010000000000000009,"[0.458, 0.565, 0.621, 0.891]","[0.456, 0.564, 0.622, 0.892]",0.9166044743738829,0.912062150276357,0.004542324097525974,0.975940346752865,0.0020000000000000018
rgbdt500_382_00000074::q01::infrared,rgbdt500_382_00000074::q01::rgb,rgbdt500_382_00000074::q01,The tiger walking behind the wire fence.,infrared,"[0.7270833333333333, 0.5564814814814815, 0.7927083333333333, 0.7444444444444445]","[0.721, 0.548, 0.803, 0.758]",0.7163222673893407,0.013555555555555543,"[0.719, 0.548, 0.796, 0.748]","[0.719, 0.546, 0.797, 0.747]",0.851305334846765,0.8509058174862159,0.00039951736054910647,0.9725801332910187,0.0020000000000000018,"[0.722, 0.548, 0.796, 0.745]","[0.722, 0.548, 0.796, 0.746]",0.8465737514518001,0.8508710801393725,-0.004297328687572377,0.9949494949494949,0.0010000000000000009,"[0.721, 0.548, 0.796, 0.748]","[0.719, 0.546, 0.797, 0.746]",0.871080139372822,0.8467251856853476,0.024354953687474423,0.9428571428571428,0.0020000000000000018
rgbdt500_385_00000104::q01::infrared,rgbdt500_385_00000104::q01::rgb,rgbdt500_385_00000104::q01,Where is the tiger standing beside the rocks at the enclosure wall?,infrared,"[0.35885416666666664, 0.4759259259259259, 0.4859375, 0.5981481481481481]","[0.365, 0.48, 0.495, 0.62]",0.7348611565820412,0.0218518518518519,"[0.374, 0.471, 0.484, 0.606]","[0.374, 0.47, 0.484, 0.604]",0.7222511724856696,0.7067357512953367,0.01551542119033289,0.9779411764705882,0.0020000000000000018,"[0.374, 0.473, 0.483, 0.604]","[0.374, 0.473, 0.483, 0.604]",0.7127564203976163,0.7127564203976163,0.0,1.0,0.0,"[0.374, 0.471, 0.483, 0.604]","[0.374, 0.471, 0.483, 0.604]",0.7046556488191438,0.7046556488191438,0.0,1.0,0.0
rgbdt500_388_00000347::q01::infrared,rgbdt500_388_00000347::q01::rgb,rgbdt500_388_00000347::q01,Where is the large horned animal in the foreground on the paved path?,infrared,"[0.49947916666666664, 0.2388888888888889, 0.6177083333333333, 0.49166666666666664]","[0.488, 0.218, 0.625, 0.505]",0.7600830646384321,0.0208888888888889,"[0.497, 0.236, 0.62, 0.494]","[0.497, 0.236, 0.621, 0.494]",0.8070907194994784,0.8136524326661407,-0.00656171316666232,0.9919354838709675,0.0010000000000000009,"[0.499, 0.238, 0.619, 0.494]","[0.498, 0.238, 0.62, 0.494]",0.781301660774689,0.7943233551209338,-0.013021694346244783,0.9836065573770493,0.0010000000000000009,"[0.498, 0.238, 0.62, 0.494]","[0.497, 0.238, 0.62, 0.494]",0.7943233551209338,0.8008342022940562,-0.006510847173122447,0.991869918699187,0.0010000000000000009
rgbdt500_392_00000067::rgbdt500_392_00000067_objectq01::infrared,rgbdt500_392_00000067::rgbdt500_392_00000067_objectq01::rgb,rgbdt500_392_00000067::rgbdt500_392_00000067_objectq01,"The deer standing sideways under the shelter, with its head facing right.",infrared,"[0.2520833333333333, 0.5157407407407407, 0.3953125, 0.7296296296296296]","[0.254, 0.514, 0.403, 0.738]",0.8946076785690305,0.008370370370370361,"[0.252, 0.513, 0.396, 0.73]","[0.253, 0.513, 0.396, 0.731]",0.9033930254476907,0.9133862935736304,-0.009993268125939703,0.9885317447676084,0.0010000000000000009,"[0.253, 0.514, 0.396, 0.729]","[0.253, 0.514, 0.396, 0.727]",0.9088744008811884,0.9004733692577925,0.008401031623395894,0.9906976744186048,0.0020000000000000018,"[0.252, 0.513, 0.396, 0.73]","[0.252, 0.513, 0.396, 0.731]",0.9033930254476907,0.9075219414501973,-0.004128916002506533,0.995412844036697,0.0010000000000000009
rgbdt500_398_00000123::q01::depth,rgbdt500_398_00000123::q01::rgb,rgbdt500_398_00000123::q01,The person standing just to the right of the taller foreground person.,depth,"[0.27291666666666664, 0.43148148148148147, 0.30833333333333335, 0.6435185185185185]","[0.286, 0.441, 0.32, 0.655]",0.4407124544190071,0.013083333333333336,"[0.27, 0.431, 0.312, 0.649]","[0.269, 0.431, 0.312, 0.651]",0.4905660377358496,0.48421426037602044,0.006351777359829169,0.9678646934460889,0.0020000000000000018,"[0.272, 0.431, 0.31, 0.648]","[0.27, 0.431, 0.31, 0.648]",0.47072200113701007,0.45212959592282526,0.018592405214184815,0.95,0.0020000000000000018,"[0.271, 0.431, 0.31, 0.648]","[0.27, 0.431, 0.31, 0.648]",0.46123851081608064,0.45212959592282526,0.009108914893255382,0.9750000000000002,0.0010000000000000009
